season,team1,team2,toss_winner,toss_decision,result,dl_applied,winner,win_by_runs,win_by_wickets,margin_of_victory
2023,Chennai Super Kings,Gujarat Titans,Gujarat Titans,field,normal,0,Chennai Super Kings,15,0,15
2023,Sunrisers Hyderabad,Mumbai Indians,Mumbai Indians,field,normal,0,Mumbai Indians,0,8,8
2023,Royal Challengers Bangalore,Gujarat Titans,Gujarat Titans,field,normal,0,Gujarat Titans,0,6,6
2023,Lucknow Super Giants,Kolkata Knight Riders,Kolkata Knight Riders,field,normal,0,Lucknow Super Giants,1,0,1
2023,Punjab Kings,Rajasthan Royals,Rajasthan Royals,field,normal,0,Rajasthan Royals,0,4,4
2023,Sunrisers Hyderabad,Royal Challengers Bangalore,Royal Challengers Bangalore,field,normal,0,Royal Challengers Bangalore,0,8,8
2023,Delhi Capitals,Punjab Kings,Punjab Kings,field,normal,0,Delhi Capitals,15,0,15
2023,Lucknow Super Giants,Mumbai Indians,Mumbai Indians,field,normal,0,Lucknow Super Giants,5,0,5
2023,Gujarat Titans,Sunrisers Hyderabad,Sunrisers Hyderabad,field,normal,0,Gujarat Titans,34,0,34
2023,Chennai Super Kings,Kolkata Knight Riders,Chennai Super Kings,bat,normal,0,Kolkata Knight Riders,0,6,6
2023,Punjab Kings,Delhi Capitals,Delhi Capitals,field,normal,0,Punjab Kings,31,0,31
2023,Sunrisers Hyderabad,Lucknow Super Giants,Sunrisers Hyderabad,bat,normal,0,Lucknow Super Giants,0,7,7
2023,Mumbai Indians,Gujarat Titans,Gujarat Titans,field,normal,0,Mumbai Indians,27,0,27
2023,Kolkata Knight Riders,Rajasthan Royals,Rajasthan Royals,field,normal,0,Rajasthan Royals,0,9,9
2023,Chennai Super Kings,Delhi Capitals,Chennai Super Kings,bat,normal,0,Chennai Super Kings,27,0,27
2023,Royal Challengers Bangalore,Mumbai Indians,Mumbai Indians,field,normal,0,Mumbai Indians,0,6,6
2023,Punjab Kings,Kolkata Knight Riders,Punjab Kings,bat,normal,0,Kolkata Knight Riders,0,5,5
2023,Rajasthan Royals,Sunrisers Hyderabad,Rajasthan Royals,bat,normal,0,Sunrisers Hyderabad,0,4,4
2023,Royal Challengers Bangalore,Delhi Capitals,Royal Challengers Bangalore,bat,normal,0,Delhi Capitals,0,7,7
2023,Mumbai Indians,Chennai Super Kings,Chennai Super Kings,field,normal,0,Chennai Super Kings,0,6,6
2023,Rajasthan Royals,Gujarat Titans,Rajasthan Royals,bat,normal,0,Gujarat Titans,0,9,9
2023,Kolkata Knight Riders,Sunrisers Hyderabad,Kolkata Knight Riders,bat,normal,0,Kolkata Knight Riders,5,0,5
2023,Punjab Kings,Mumbai Indians,Mumbai Indians,field,normal,0,Mumbai Indians,0,6,6
2023,Lucknow Super Giants,Chennai Super Kings,Chennai Super Kings,field,normal,0,Mumbai Indians,0,0,0
2023,Delhi Capitals,Gujarat Titans,Delhi Capitals,bat,normal,0,Delhi Capitals,5,0,5
2023,Royal Challengers Bangalore,Lucknow Super Giants,Royal Challengers Bangalore,bat,normal,0,Royal Challengers Bangalore,18,0,18
2023,Chennai Super Kings,Punjab Kings,Chennai Super Kings,bat,normal,0,Punjab Kings,0,4,4
2023,Rajasthan Royals,Mumbai Indians,Rajasthan Royals,bat,normal,0,Mumbai Indians,0,6,6
2023,Sunrisers Hyderabad,Delhi Capitals,Sunrisers Hyderabad,bat,normal,0,Sunrisers Hyderabad,9,0,9
2023,Kolkata Knight Riders,Gujarat Titans,Gujarat Titans,field,normal,0,Gujarat Titans,0,7,7
2023,Rajasthan Royals,Chennai Super Kings,Rajasthan Royals,bat,normal,0,Rajasthan Royals,32,0,32
2023,Kolkata Knight Riders,Royal Challengers Bangalore,Royal Challengers Bangalore,field,normal,0,Kolkata Knight Riders,21,0,21
2023,Delhi Capitals,Sunrisers Hyderabad,Delhi Capitals,bat,normal,0,Delhi Capitals,7,0,7
2023,Royal Challengers Bangalore,Rajasthan Royals,Rajasthan Royals,field,normal,0,Royal Challengers Bangalore,7,0,7
2023,Punjab Kings,Mumbai Indians,Mumbai Indians,field,normal,0,Punjab Kings,13,0,13
2023,Gujarat Titans,Lucknow Super Giants,Gujarat Titans,bat,normal,0,Gujarat Titans,7,0,7
2023,Sunrisers Hyderabad,Chennai Super Kings,Chennai Super Kings,field,normal,0,Chennai Super Kings,0,7,7
2023,Kolkata Knight Riders,Delhi Capitals,Delhi Capitals,field,normal,0,Delhi Capitals,0,4,4
2023,Royal Challengers Bangalore,Punjab Kings,Punjab Kings,field,normal,0,Royal Challengers Bangalore,24,0,24
2023,Lucknow Super Giants,Rajasthan Royals,Rajasthan Royals,field,normal,0,Lucknow Super Giants,10,0,10
2023,Mumbai Indians,Sunrisers Hyderabad,Sunrisers Hyderabad,field,normal,0,Mumbai Indians,14,0,14
2023,Chennai Super Kings,Royal Challengers Bangalore,Royal Challengers Bangalore,field,normal,0,Chennai Super Kings,8,0,8
2023,Gujarat Titans,Rajasthan Royals,Rajasthan Royals,field,normal,0,Rajasthan Royals,0,3,3
2023,Kolkata Knight Riders,Mumbai Indians,Mumbai Indians,field,normal,0,Mumbai Indians,0,5,5
2023,Lucknow Super Giants,Punjab Kings,Punjab Kings,field,normal,0,Punjab Kings,0,2,2
2023,Royal Challengers Bangalore,Delhi Capitals,Delhi Capitals,field,normal,0,Royal Challengers Bangalore,23,0,23
2023,Sunrisers Hyderabad,Kolkata Knight Riders,Kolkata Knight Riders,field,normal,0,Sunrisers Hyderabad,23,0,23
2023,Punjab Kings,Gujarat Titans,Gujarat Titans,field,normal,0,Gujarat Titans,0,6,6
2023,Rajasthan Royals,Chennai Super Kings,Chennai Super Kings,field,normal,0,Rajasthan Royals,3,0,3
2023,Delhi Capitals,Mumbai Indians,Mumbai Indians,field,normal,0,Mumbai Indians,0,6,6
2023,Royal Challengers Bangalore,Lucknow Super Giants,Lucknow Super Giants,field,normal,0,Lucknow Super Giants,0,1,1
2023,Gujarat Titans,Kolkata Knight Riders,Gujarat Titans,bat,normal,0,Kolkata Knight Riders,0,3,3
2023,Punjab Kings,Sunrisers Hyderabad,Sunrisers Hyderabad,field,normal,0,Sunrisers Hyderabad,0,8,8
2023,Mumbai Indians,Chennai Super Kings,Chennai Super Kings,field,normal,0,Chennai Super Kings,0,7,7
2023,Sunrisers Hyderabad,Lucknow Super Giants,Sunrisers Hyderabad,bat,normal,0,Lucknow Super Giants,0,5,5
2023,Punjab Kings,Rajasthan Royals,Rajasthan Royals,field,normal,0,Punjab Kings,5,0,5
2023,Delhi Capitals,Gujarat Titans,Gujarat Titans,field,normal,0,Gujarat Titans,0,6,6
2023,Chennai Super Kings,Lucknow Super Giants,Lucknow Super Giants,field,normal,0,Chennai Super Kings,12,0,12
2023,Mumbai Indians,Royal Challengers Bangalore,Royal Challengers Bangalore,field,normal,0,Royal Challengers Bangalore,0,8,8
2023,Chennai Super Kings,Gujarat Titans,Gujarat Titans,field,normal,0,Gujarat Titans,0,5,5
2022,Rajasthan Royals,Gujarat Titans,Rajasthan Royals,bat,normal,0,Gujarat Titans,0,7,7
2022,Royal Challengers Bangalore,Rajasthan Royals,Rajasthan Royals,field,normal,0,Rajasthan Royals,0,7,7
2022,Royal Challengers Bangalore,Lucknow Super Giants,Lucknow Super Giants,field,normal,0,Royal Challengers Bangalore,14,0,14
2022,Rajasthan Royals,Gujarat Titans,Gujarat Titans,field,normal,0,Gujarat Titans,0,7,7
2022,Sunrisers Hyderabad,Punjab Kings,Sunrisers Hyderabad,bat,normal,0,Punjab Kings,0,5,5
2022,Delhi Capitals,Mumbai Indians,Mumbai Indians,field,normal,0,Mumbai Indians,0,5,5
2022,Chennai Super Kings,Rajasthan Royals,Chennai Super Kings,bat,normal,0,Rajasthan Royals,0,5,5
2022,Gujarat Titans,Royal Challengers Bangalore,Gujarat Titans,bat,normal,0,Royal Challengers Bangalore,0,8,8
2022,Lucknow Super Giants,Kolkata Knight Riders,Lucknow Super Giants,bat,normal,0,Lucknow Super Giants,2,0,2
2022,Sunrisers Hyderabad,Mumbai Indians,Mumbai Indians,field,normal,0,Sunrisers Hyderabad,3,0,3
2022,Delhi Capitals,Punjab Kings,Punjab Kings,field,normal,0,Delhi Capitals,17,0,17
2022,Chennai Super Kings,Gujarat Titans,Chennai Super Kings,bat,normal,0,Gujarat Titans,0,7,7
2022,Rajasthan Royals,Lucknow Super Giants,Rajasthan Royals,bat,normal,0,Rajasthan Royals,24,0,24
2022,Chennai Super Kings,Mumbai Indians,Mumbai Indians,field,normal,0,Mumbai Indians,0,5,5
2022,Rajasthan Royals,Delhi Capitals,Delhi Capitals,field,normal,0,Delhi Capitals,0,8,8
2022,Punjab Kings,Rajasthan Royals,Punjab Kings,bat,normal,0,Rajasthan Royals,0,6,6
2022,Mumbai Indians,Gujarat Titans,Gujarat Titans,field,normal,0,Mumbai Indians,5,0,5
2022,Delhi Capitals,Sunrisers Hyderabad,Sunrisers Hyderabad,field,normal,0,Delhi Capitals,21,0,21
2022,Royal Challengers Bangalore,Chennai Super Kings,Chennai Super Kings,field,normal,0,Royal Challengers Bangalore,13,0,13
2022,Gujarat Titans,Punjab Kings,Gujarat Titans,bat,normal,0,Punjab Kings,0,8,8
2022,Rajasthan Royals,Kolkata Knight Riders,Kolkata Knight Riders,field,normal,0,Kolkata Knight Riders,0,7,7
2022,Lucknow Super Giants,Delhi Capitals,Lucknow Super Giants,bat,normal,0,Lucknow Super Giants,6,0,6
2022,Chennai Super Kings,Sunrisers Hyderabad,Sunrisers Hyderabad,field,normal,0,Chennai Super Kings,13,0,13
2022,Royal Challengers Bangalore,Gujarat Titans,Royal Challengers Bangalore,bat,normal,0,Gujarat Titans,0,6,6
2022,Rajasthan Royals,Mumbai Indians,Mumbai Indians,field,normal,0,Mumbai Indians,0,5,5
2022,Lucknow Super Giants,Punjab Kings,Punjab Kings,field,normal,0,Lucknow Super Giants,20,0,20
2022,Kolkata Knight Riders,Delhi Capitals,Delhi Capitals,field,normal,0,Delhi Capitals,0,4,4
2022,Sunrisers Hyderabad,Gujarat Titans,Gujarat Titans,field,normal,0,Gujarat Titans,0,5,5
2022,Rajasthan Royals,Royal Challengers Bangalore,Royal Challengers Bangalore,field,normal,0,Rajasthan Royals,29,0,29
2022,Punjab Kings,Chennai Super Kings,Chennai Super Kings,field,normal,0,Punjab Kings,11,0,11
2022,Lucknow Super Giants,Mumbai Indians,Mumbai Indians,field,normal,0,Lucknow Super Giants,36,0,36
2022,Gujarat Titans,Kolkata Knight Riders,Gujarat Titans,bat,normal,0,Gujarat Titans,8,0,8
2022,Royal Challengers Bangalore,Sunrisers Hyderabad,Sunrisers Hyderabad,field,normal,0,Sunrisers Hyderabad,0,9,9
2022,Rajasthan Royals,Delhi Capitals,Delhi Capitals,field,normal,0,Rajasthan Royals,15,0,15
2022,Mumbai Indians,Chennai Super Kings,Chennai Super Kings,field,normal,0,Chennai Super Kings,0,3,3
2022,Punjab Kings,Delhi Capitals,Delhi Capitals,field,normal,0,Delhi Capitals,0,9,9
2022,Royal Challengers Bangalore,Lucknow Super Giants,Lucknow Super Giants,field,normal,0,Royal Challengers Bangalore,18,0,18
2022,Rajasthan Royals,Kolkata Knight Riders,Kolkata Knight Riders,field,normal,0,Rajasthan Royals,7,0,7
2022,Punjab Kings,Sunrisers Hyderabad,Sunrisers Hyderabad,field,normal,0,Sunrisers Hyderabad,0,7,7
2022,Chennai Super Kings,Gujarat Titans,Gujarat Titans,field,normal,0,Gujarat Titans,0,3,3
2022,Lucknow Super Giants,Mumbai Indians,Mumbai Indians,field,normal,0,Lucknow Super Giants,18,0,18
2022,Royal Challengers Bangalore,Delhi Capitals,Delhi Capitals,field,normal,0,Royal Challengers Bangalore,16,0,16
2022,Kolkata Knight Riders,Sunrisers Hyderabad,Sunrisers Hyderabad,field,normal,0,Sunrisers Hyderabad,0,7,7
2022,Gujarat Titans,Rajasthan Royals,Rajasthan Royals,field,normal,0,Gujarat Titans,37,0,37
2022,Punjab Kings,Mumbai Indians,Mumbai Indians,field,normal,0,Punjab Kings,12,0,12
2022,Chennai Super Kings,Royal Challengers Bangalore,Royal Challengers Bangalore,field,normal,0,Chennai Super Kings,23,0,23
2022,Gujarat Titans,Sunrisers Hyderabad,Sunrisers Hyderabad,field,normal,0,Sunrisers Hyderabad,0,8,8
2022,Rajasthan Royals,Lucknow Super Giants,Lucknow Super Giants,field,normal,0,Rajasthan Royals,3,0,3
2022,Delhi Capitals,Kolkata Knight Riders,Kolkata Knight Riders,field,normal,0,Delhi Capitals,44,0,44
2022,Mumbai Indians,Royal Challengers Bangalore,Royal Challengers Bangalore,field,normal,0,Royal Challengers Bangalore,0,7,7
2022,Chennai Super Kings,Sunrisers Hyderabad,Sunrisers Hyderabad,field,normal,0,Sunrisers Hyderabad,0,8,8
2022,Punjab Kings,Gujarat Titans,Gujarat Titans,field,normal,0,Gujarat Titans,0,6,6
2022,Delhi Capitals,Lucknow Super Giants,Lucknow Super Giants,field,normal,0,Lucknow Super Giants,0,6,6
2022,Mumbai Indians,Kolkata Knight Riders,Kolkata Knight Riders,field,normal,0,Kolkata Knight Riders,0,5,5
2022,Rajasthan Royals,Royal Challengers Bangalore,Royal Challengers Bangalore,field,normal,0,Royal Challengers Bangalore,0,4,4
2022,Lucknow Super Giants,Sunrisers Hyderabad,Sunrisers Hyderabad,field,normal,0,Lucknow Super Giants,12,0,12
2022,Rajasthan Royals,Mumbai Indians,Mumbai Indians,field,normal,0,Rajasthan Royals,23,0,23
2022,Gujarat Titans,Delhi Capitals,Delhi Capitals,field,normal,0,Gujarat Titans,14,0,14
2022,Punjab Kings,Kolkata Knight Riders,Kolkata Knight Riders,field,normal,0,Kolkata Knight Riders,0,6,6
2022,Chennai Super Kings,Lucknow Super Giants,Lucknow Super Giants,field,normal,0,Lucknow Super Giants,0,6,6
2022,Kolkata Knight Riders,Royal Challengers Bangalore,Royal Challengers Bangalore,field,normal,0,Royal Challengers Bangalore,0,3,3
2022,Lucknow Super Giants,Gujarat Titans,Gujarat Titans,field,normal,0,Gujarat Titans,0,5,5
2022,Mumbai Indians,Delhi Capitals,Delhi Capitals,field,normal,0,Delhi Capitals,0,4,4
2022,Royal Challengers Bangalore,Punjab Kings,Punjab Kings,field,normal,0,Punjab Kings,0,5,5
2022,Chennai Super Kings,Kolkata Knight Riders,Kolkata Knight Riders,field,normal,0,Kolkata Knight Riders,0,6,6
2021,Chennai Super Kings,Kolkata Knight Riders,Kolkata Knight Riders,field,normal,0,Chennai Super Kings,27,0,27
2021,Delhi Capitals,Kolkata Knight Riders,Kolkata Knight Riders,field,normal,0,Kolkata Knight Riders,0,3,3
2021,Royal Challengers Bangalore,Kolkata Knight Riders,Royal Challengers Bangalore,bat,normal,0,Kolkata Knight Riders,0,4,4
2021,Delhi Capitals,Chennai Super Kings,Chennai Super Kings,field,normal,0,Chennai Super Kings,0,4,4
2021,Mumbai Indians,Sunrisers Hyderabad,Mumbai Indians,bat,normal,0,Mumbai Indians,42,0,42
2021,Delhi Capitals,Royal Challengers Bangalore,Royal Challengers Bangalore,field,normal,0,Royal Challengers Bangalore,0,7,7
2021,Chennai Super Kings,Punjab Kings,Punjab Kings,field,normal,0,Punjab Kings,0,6,6
2021,Sunrisers Hyderabad,Royal Challengers Bangalore,Royal Challengers Bangalore,field,normal,0,Sunrisers Hyderabad,4,0,4
2021,Rajasthan Royals,Mumbai Indians,Mumbai Indians,field,normal,0,Mumbai Indians,0,8,8
2021,Chennai Super Kings,Delhi Capitals,Delhi Capitals,field,normal,0,Delhi Capitals,0,3,3
2021,Sunrisers Hyderabad,Kolkata Knight Riders,Sunrisers Hyderabad,bat,normal,0,Kolkata Knight Riders,0,6,6
2021,Royal Challengers Bangalore,Punjab Kings,Royal Challengers Bangalore,bat,normal,0,Royal Challengers Bangalore,6,0,6
2021,Mumbai Indians,Delhi Capitals,Delhi Capitals,field,normal,0,Delhi Capitals,0,4,4
2021,Chennai Super Kings,Rajasthan Royals,Rajasthan Royals,field,normal,0,Rajasthan Royals,0,7,7
2021,Kolkata Knight Riders,Punjab Kings,Punjab Kings,field,normal,0,Punjab Kings,0,5,5
2021,Sunrisers Hyderabad,Chennai Super Kings,Chennai Super Kings,field,normal,0,Chennai Super Kings,0,6,6
2021,Rajasthan Royals,Royal Challengers Bangalore,Royal Challengers Bangalore,field,normal,0,Royal Challengers Bangalore,0,7,7
2021,Punjab Kings,Mumbai Indians,Mumbai Indians,field,normal,0,Mumbai Indians,0,6,6
2021,Rajasthan Royals,Sunrisers Hyderabad,Rajasthan Royals,bat,normal,0,Sunrisers Hyderabad,0,7,7
2021,Kolkata Knight Riders,Chennai Super Kings,Kolkata Knight Riders,bat,normal,0,Chennai Super Kings,0,2,2
2021,Delhi Capitals,Rajasthan Royals,Rajasthan Royals,field,normal,0,Delhi Capitals,33,0,33
2021,Punjab Kings,Sunrisers Hyderabad,Sunrisers Hyderabad,field,normal,0,Punjab Kings,5,0,5
2021,Royal Challengers Bangalore,Chennai Super Kings,Chennai Super Kings,field,normal,0,Chennai Super Kings,0,6,6
2021,Mumbai Indians,Kolkata Knight Riders,Kolkata Knight Riders,field,normal,0,Kolkata Knight Riders,0,7,7
2021,Sunrisers Hyderabad,Delhi Capitals,Sunrisers Hyderabad,bat,normal,0,Delhi Capitals,0,8,8
2021,Rajasthan Royals,Punjab Kings,Punjab Kings,field,normal,0,Rajasthan Royals,2,0,2
2021,Royal Challengers Bangalore,Kolkata Knight Riders,Royal Challengers Bangalore,bat,normal,0,Kolkata Knight Riders,0,9,9
2021,Chennai Super Kings,Mumbai Indians,Chennai Super Kings,bat,normal,0,Chennai Super Kings,20,0,20
2021,Punjab Kings,Delhi Capitals,Delhi Capitals,field,normal,0,Delhi Capitals,0,7,7
2021,Chennai Super Kings,Mumbai Indians,Mumbai Indians,field,normal,0,Mumbai Indians,0,4,4
2021,Punjab Kings,Royal Challengers Bangalore,Royal Challengers Bangalore,field,normal,0,Punjab Kings,34,0,34
2021,Rajasthan Royals,Mumbai Indians,Mumbai Indians,field,normal,0,Mumbai Indians,0,7,7
2021,Kolkata Knight Riders,Delhi Capitals,Delhi Capitals,field,normal,0,Delhi Capitals,0,7,7
2021,Sunrisers Hyderabad,Chennai Super Kings,Sunrisers Hyderabad,bat,normal,0,Chennai Super Kings,0,7,7
2021,Royal Challengers Bangalore,Delhi Capitals,Delhi Capitals,field,normal,0,Royal Challengers Bangalore,1,0,1
2021,Punjab Kings,Kolkata Knight Riders,Kolkata Knight Riders,field,normal,0,Kolkata Knight Riders,0,5,5
2021,Delhi Capitals,Sunrisers Hyderabad,Delhi Capitals,bat,normal,0,Mumbai Indians,0,0,0
2021,Kolkata Knight Riders,Rajasthan Royals,Rajasthan Royals,field,normal,0,Rajasthan Royals,0,6,6
2021,Mumbai Indians,Punjab Kings,Punjab Kings,field,normal,0,Punjab Kings,0,9,9
2021,Rajasthan Royals,Royal Challengers Bangalore,Royal Challengers Bangalore,field,normal,0,Royal Challengers Bangalore,0,10,10
2021,Chennai Super Kings,Kolkata Knight Riders,Kolkata Knight Riders,field,normal,0,Chennai Super Kings,18,0,18
2021,Punjab Kings,Sunrisers Hyderabad,Punjab Kings,bat,normal,0,Sunrisers Hyderabad,0,9,9
2021,Mumbai Indians,Delhi Capitals,Mumbai Indians,bat,normal,0,Delhi Capitals,0,6,6
2021,Chennai Super Kings,Rajasthan Royals,Rajasthan Royals,field,normal,0,Chennai Super Kings,45,0,45
2021,Punjab Kings,Delhi Capitals,Delhi Capitals,field,normal,0,Delhi Capitals,0,6,6
2021,Royal Challengers Bangalore,Kolkata Knight Riders,Royal Challengers Bangalore,bat,normal,0,Royal Challengers Bangalore,38,0,38
2021,Mumbai Indians,Sunrisers Hyderabad,Mumbai Indians,bat,normal,0,Mumbai Indians,13,0,13
2021,Punjab Kings,Chennai Super Kings,Chennai Super Kings,field,normal,0,Chennai Super Kings,0,6,6
2021,Delhi Capitals,Rajasthan Royals,Rajasthan Royals,field,normal,0,Rajasthan Royals,0,3,3
2021,Royal Challengers Bangalore,Sunrisers Hyderabad,Sunrisers Hyderabad,field,normal,0,Royal Challengers Bangalore,6,0,6
2021,Mumbai Indians,Kolkata Knight Riders,Kolkata Knight Riders,field,normal,0,Mumbai Indians,10,0,10
2021,Punjab Kings,Rajasthan Royals,Rajasthan Royals,field,normal,0,Punjab Kings,4,0,4
2021,Kolkata Knight Riders,Sunrisers Hyderabad,Sunrisers Hyderabad,field,normal,0,Kolkata Knight Riders,10,0,10
2021,Chennai Super Kings,Delhi Capitals,Delhi Capitals,field,normal,0,Delhi Capitals,0,7,7
2021,Mumbai Indians,Royal Challengers Bangalore,Royal Challengers Bangalore,field,normal,0,Royal Challengers Bangalore,0,2,2
2020/21,Delhi Capitals,Mumbai Indians,Delhi Capitals,bat,normal,0,Mumbai Indians,0,5,5
2020/21,Delhi Capitals,Sunrisers Hyderabad,Delhi Capitals,bat,normal,0,Delhi Capitals,17,0,17
2020/21,Royal Challengers Bangalore,Sunrisers Hyderabad,Sunrisers Hyderabad,field,normal,0,Sunrisers Hyderabad,0,6,6
2020/21,Mumbai Indians,Sunrisers Hyderabad,Sunrisers Hyderabad,field,normal,0,Sunrisers Hyderabad,0,10,10
2020/21,Royal Challengers Bangalore,Delhi Capitals,Delhi Capitals,field,normal,0,Delhi Capitals,0,6,6
2020/21,Kings XI Punjab,Chennai Super Kings,Chennai Super Kings,field,normal,0,Chennai Super Kings,0,9,9
2020/21,Royal Challengers Bangalore,Sunrisers Hyderabad,Sunrisers Hyderabad,field,normal,0,Sunrisers Hyderabad,0,5,5
2020/21,Delhi Capitals,Mumbai Indians,Mumbai Indians,field,normal,0,Mumbai Indians,0,9,9
2020/21,Kings XI Punjab,Rajasthan Royals,Rajasthan Royals,field,normal,0,Rajasthan Royals,0,7,7
2020/21,Kolkata Knight Riders,Chennai Super Kings,Chennai Super Kings,field,normal,0,Chennai Super Kings,0,6,6
2020/21,Royal Challengers Bangalore,Mumbai Indians,Mumbai Indians,field,normal,0,Mumbai Indians,0,5,5
2020/21,Kolkata Knight Riders,Kings XI Punjab,Kings XI Punjab,field,normal,0,Kings XI Punjab,0,8,8
2020/21,Royal Challengers Bangalore,Chennai Super Kings,Royal Challengers Bangalore,bat,normal,0,Chennai Super Kings,0,8,8
2020/21,Mumbai Indians,Rajasthan Royals,Mumbai Indians,bat,normal,0,Rajasthan Royals,0,8,8
2020/21,Kings XI Punjab,Sunrisers Hyderabad,Sunrisers Hyderabad,field,normal,0,Kings XI Punjab,12,0,12
2020/21,Chennai Super Kings,Mumbai Indians,Mumbai Indians,field,normal,0,Mumbai Indians,0,10,10
2020/21,Rajasthan Royals,Sunrisers Hyderabad,Sunrisers Hyderabad,field,normal,0,Sunrisers Hyderabad,0,8,8
2020/21,Kolkata Knight Riders,Royal Challengers Bangalore,Kolkata Knight Riders,bat,normal,0,Royal Challengers Bangalore,0,8,8
2020/21,Delhi Capitals,Kings XI Punjab,Delhi Capitals,bat,normal,0,Kings XI Punjab,0,5,5
2020/21,Chennai Super Kings,Rajasthan Royals,Chennai Super Kings,bat,normal,0,Rajasthan Royals,0,7,7
2020/21,Mumbai Indians,Kings XI Punjab,Mumbai Indians,bat,normal,0,Mumbai Indians,0,0,0
2020/21,Kolkata Knight Riders,Sunrisers Hyderabad,Sunrisers Hyderabad,field,normal,0,Mumbai Indians,0,0,0
2020/21,Rajasthan Royals,Royal Challengers Bangalore,Rajasthan Royals,bat,normal,0,Royal Challengers Bangalore,0,7,7
2020/21,Chennai Super Kings,Delhi Capitals,Chennai Super Kings,bat,normal,0,Delhi Capitals,0,5,5
2020/21,Kolkata Knight Riders,Mumbai Indians,Kolkata Knight Riders,bat,normal,0,Mumbai Indians,0,8,8
2020/21,Royal Challengers Bangalore,Kings XI Punjab,Royal Challengers Bangalore,bat,normal,0,Kings XI Punjab,0,8,8
2020/21,Delhi Capitals,Rajasthan Royals,Delhi Capitals,bat,normal,0,Delhi Capitals,13,0,13
2020/21,Chennai Super Kings,Sunrisers Hyderabad,Chennai Super Kings,bat,normal,0,Chennai Super Kings,20,0,20
2020/21,Sunrisers Hyderabad,Rajasthan Royals,Sunrisers Hyderabad,bat,normal,0,Rajasthan Royals,0,5,5
2020/21,Kolkata Knight Riders,Kings XI Punjab,Kolkata Knight Riders,bat,normal,0,Kolkata Knight Riders,2,0,2
2020/21,Royal Challengers Bangalore,Chennai Super Kings,Royal Challengers Bangalore,bat,normal,0,Royal Challengers Bangalore,37,0,37
2020/21,Delhi Capitals,Rajasthan Royals,Rajasthan Royals,field,normal,0,Delhi Capitals,46,0,46
2020/21,Kolkata Knight Riders,Chennai Super Kings,Kolkata Knight Riders,bat,normal,0,Kolkata Knight Riders,10,0,10
2020/21,Kings XI Punjab,Chennai Super Kings,Kings XI Punjab,bat,normal,0,Chennai Super Kings,0,10,10
2020/21,Mumbai Indians,Sunrisers Hyderabad,Mumbai Indians,bat,normal,0,Mumbai Indians,34,0,34
2020/21,Delhi Capitals,Kolkata Knight Riders,Kolkata Knight Riders,field,normal,0,Delhi Capitals,18,0,18
2020/21,Rajasthan Royals,Royal Challengers Bangalore,Rajasthan Royals,bat,normal,0,Royal Challengers Bangalore,0,8,8
2020/21,Sunrisers Hyderabad,Chennai Super Kings,Sunrisers Hyderabad,bat,normal,0,Sunrisers Hyderabad,7,0,7
2020/21,Kolkata Knight Riders,Rajasthan Royals,Rajasthan Royals,field,normal,0,Kolkata Knight Riders,37,0,37
2020/21,Sunrisers Hyderabad,Delhi Capitals,Delhi Capitals,field,normal,0,Sunrisers Hyderabad,15,0,15
2020/21,Royal Challengers Bangalore,Mumbai Indians,Mumbai Indians,field,normal,0,Mumbai Indians,0,0,0
2020/21,Kings XI Punjab,Rajasthan Royals,Rajasthan Royals,field,normal,0,Rajasthan Royals,0,4,4
2020/21,Sunrisers Hyderabad,Kolkata Knight Riders,Sunrisers Hyderabad,bat,normal,0,Kolkata Knight Riders,0,7,7
2020/21,Delhi Capitals,Chennai Super Kings,Chennai Super Kings,field,normal,0,Delhi Capitals,44,0,44
2020/21,Rajasthan Royals,Chennai Super Kings,Chennai Super Kings,field,normal,0,Rajasthan Royals,16,0,16
2020/21,Royal Challengers Bangalore,Sunrisers Hyderabad,Sunrisers Hyderabad,field,normal,0,Royal Challengers Bangalore,10,0,10
2020/21,Delhi Capitals,Kings XI Punjab,Kings XI Punjab,field,normal,0,Mumbai Indians,0,0,0
2020/21,Mumbai Indians,Chennai Super Kings,Chennai Super Kings,field,normal,0,Chennai Super Kings,0,5,5
2019,Mumbai Indians,Chennai Super Kings,Mumbai Indians,bat,normal,0,Mumbai Indians,1,0,1
2019,Delhi Capitals,Chennai Super Kings,Chennai Super Kings,field,normal,0,Chennai Super Kings,0,6,6
2019,Sunrisers Hyderabad,Delhi Capitals,Delhi Capitals,field,normal,0,Delhi Capitals,0,2,2
2019,Chennai Super Kings,Mumbai Indians,Chennai Super Kings,bat,normal,0,Mumbai Indians,0,6,6
2019,Chennai Super Kings,Kings XI Punjab,Kings XI Punjab,field,normal,0,Kings XI Punjab,0,6,6
2019,Kolkata Knight Riders,Mumbai Indians,Mumbai Indians,field,normal,0,Mumbai Indians,0,9,9
2019,Sunrisers Hyderabad,Royal Challengers Bangalore,Royal Challengers Bangalore,field,normal,0,Royal Challengers Bangalore,0,4,4
2019,Rajasthan Royals,Delhi Capitals,Rajasthan Royals,bat,normal,0,Delhi Capitals,0,5,5
2019,Kings XI Punjab,Kolkata Knight Riders,Kolkata Knight Riders,field,normal,0,Kolkata Knight Riders,0,7,7
2019,Mumbai Indians,Sunrisers Hyderabad,Mumbai Indians,bat,normal,0,Mumbai Indians,0,0,0
2019,Royal Challengers Bangalore,Rajasthan Royals,Rajasthan Royals,field,normal,0,Mumbai Indians,0,0,0
2019,Sunrisers Hyderabad,Kings XI Punjab,Kings XI Punjab,field,normal,0,Sunrisers Hyderabad,45,0,45
2019,Kolkata Knight Riders,Mumbai Indians,Mumbai Indians,field,normal,0,Kolkata Knight Riders,34,0,34
2019,Delhi Capitals,Royal Challengers Bangalore,Delhi Capitals,bat,normal,0,Delhi Capitals,16,0,16
2019,Sunrisers Hyderabad,Rajasthan Royals,Rajasthan Royals,field,normal,0,Rajasthan Royals,0,7,7
2019,Mumbai Indians,Chennai Super Kings,Chennai Super Kings,field,normal,0,Mumbai Indians,46,0,46
2019,Kolkata Knight Riders,Rajasthan Royals,Rajasthan Royals,field,normal,0,Rajasthan Royals,0,3,3
2019,Royal Challengers Bangalore,Kings XI Punjab,Kings XI Punjab,field,normal,0,Royal Challengers Bangalore,17,0,17
2019,Sunrisers Hyderabad,Chennai Super Kings,Chennai Super Kings,field,normal,0,Chennai Super Kings,0,6,6
2019,Rajasthan Royals,Delhi Capitals,Delhi Capitals,field,normal,0,Delhi Capitals,0,6,6
2019,Royal Challengers Bangalore,Chennai Super Kings,Chennai Super Kings,field,normal,0,Royal Challengers Bangalore,1,0,1
2019,Kolkata Knight Riders,Sunrisers Hyderabad,Sunrisers Hyderabad,field,normal,0,Sunrisers Hyderabad,0,9,9
2019,Mumbai Indians,Rajasthan Royals,Rajasthan Royals,field,normal,0,Rajasthan Royals,0,5,5
2019,Kings XI Punjab,Delhi Capitals,Delhi Capitals,field,normal,0,Delhi Capitals,0,5,5
2019,Royal Challengers Bangalore,Kolkata Knight Riders,Kolkata Knight Riders,field,normal,0,Royal Challengers Bangalore,10,0,10
2019,Mumbai Indians,Delhi Capitals,Mumbai Indians,bat,normal,0,Mumbai Indians,40,0,40
2019,Chennai Super Kings,Sunrisers Hyderabad,Chennai Super Kings,bat,normal,0,Sunrisers Hyderabad,0,6,6
2019,Kings XI Punjab,Rajasthan Royals,Rajasthan Royals,field,normal,0,Kings XI Punjab,12,0,12
2019,Royal Challengers Bangalore,Mumbai Indians,Mumbai Indians,field,normal,0,Mumbai Indians,0,5,5
2019,Kolkata Knight Riders,Chennai Super Kings,Chennai Super Kings,field,normal,0,Chennai Super Kings,0,5,5
2019,Delhi Capitals,Sunrisers Hyderabad,Sunrisers Hyderabad,field,normal,0,Delhi Capitals,39,0,39
2019,Mumbai Indians,Rajasthan Royals,Rajasthan Royals,field,normal,0,Rajasthan Royals,0,4,4
2019,Kings XI Punjab,Royal Challengers Bangalore,Royal Challengers Bangalore,field,normal,0,Royal Challengers Bangalore,0,8,8
2019,Kolkata Knight Riders,Delhi Capitals,Delhi Capitals,field,normal,0,Delhi Capitals,0,7,7
2019,Rajasthan Royals,Chennai Super Kings,Chennai Super Kings,field,normal,0,Chennai Super Kings,0,4,4
2019,Kings XI Punjab,Mumbai Indians,Mumbai Indians,field,normal,0,Mumbai Indians,0,3,3
2019,Kolkata Knight Riders,Chennai Super Kings,Chennai Super Kings,field,normal,0,Chennai Super Kings,0,7,7
2019,Sunrisers Hyderabad,Kings XI Punjab,Kings XI Punjab,field,normal,0,Kings XI Punjab,0,6,6
2019,Rajasthan Royals,Kolkata Knight Riders,Kolkata Knight Riders,field,normal,0,Kolkata Knight Riders,0,8,8
2019,Royal Challengers Bangalore,Delhi Capitals,Delhi Capitals,field,normal,0,Delhi Capitals,0,4,4
2019,Chennai Super Kings,Kings XI Punjab,Chennai Super Kings,bat,normal,0,Chennai Super Kings,22,0,22
2019,Mumbai Indians,Sunrisers Hyderabad,Sunrisers Hyderabad,field,normal,0,Mumbai Indians,40,0,40
2019,Royal Challengers Bangalore,Kolkata Knight Riders,Kolkata Knight Riders,field,normal,0,Kolkata Knight Riders,0,5,5
2019,Delhi Capitals,Sunrisers Hyderabad,Sunrisers Hyderabad,field,normal,0,Sunrisers Hyderabad,0,5,5
2019,Mumbai Indians,Chennai Super Kings,Chennai Super Kings,field,normal,0,Mumbai Indians,37,0,37
2019,Royal Challengers Bangalore,Rajasthan Royals,Rajasthan Royals,field,normal,0,Rajasthan Royals,0,7,7
2019,Kings XI Punjab,Delhi Capitals,Delhi Capitals,field,normal,0,Kings XI Punjab,14,0,14
2019,Chennai Super Kings,Rajasthan Royals,Rajasthan Royals,field,normal,0,Chennai Super Kings,8,0,8
2019,Kolkata Knight Riders,Delhi Capitals,Delhi Capitals,field,normal,0,Mumbai Indians,0,0,0
2019,Mumbai Indians,Kings XI Punjab,Kings XI Punjab,field,normal,0,Kings XI Punjab,0,8,8
2019,Rajasthan Royals,Sunrisers Hyderabad,Rajasthan Royals,bat,normal,0,Sunrisers Hyderabad,0,5,5
2019,Mumbai Indians,Royal Challengers Bangalore,Royal Challengers Bangalore,field,normal,0,Mumbai Indians,6,0,6
2019,Kolkata Knight Riders,Kings XI Punjab,Kings XI Punjab,field,normal,0,Kolkata Knight Riders,28,0,28
2019,Delhi Capitals,Chennai Super Kings,Delhi Capitals,bat,normal,0,Chennai Super Kings,0,6,6
2019,Kings XI Punjab,Rajasthan Royals,Rajasthan Royals,field,normal,0,Kings XI Punjab,14,0,14
2019,Delhi Capitals,Mumbai Indians,Mumbai Indians,field,normal,0,Delhi Capitals,37,0,37
2019,Sunrisers Hyderabad,Kolkata Knight Riders,Kolkata Knight Riders,field,normal,0,Kolkata Knight Riders,0,6,6
2019,Royal Challengers Bangalore,Chennai Super Kings,Chennai Super Kings,field,normal,0,Chennai Super Kings,0,7,7
2018,Sunrisers Hyderabad,Chennai Super Kings,Chennai Super Kings,field,normal,0,Chennai Super Kings,0,8,8
2018,Sunrisers Hyderabad,Kolkata Knight Riders,Kolkata Knight Riders,field,normal,0,Sunrisers Hyderabad,14,0,14
2018,Kolkata Knight Riders,Rajasthan Royals,Rajasthan Royals,field,normal,0,Kolkata Knight Riders,25,0,25
2018,Sunrisers Hyderabad,Chennai Super Kings,Chennai Super Kings,field,normal,0,Chennai Super Kings,0,2,2
2018,Delhi Daredevils,Mumbai Indians,Delhi Daredevils,bat,normal,0,Delhi Daredevils,11,0,11
2018,Kings XI Punjab,Chennai Super Kings,Chennai Super Kings,field,normal,0,Chennai Super Kings,0,5,5
2018,Rajasthan Royals,Royal Challengers Bangalore,Rajasthan Royals,bat,normal,0,Rajasthan Royals,30,0,30
2018,Sunrisers Hyderabad,Kolkata Knight Riders,Sunrisers Hyderabad,bat,normal,0,Kolkata Knight Riders,0,5,5
2018,Delhi Daredevils,Chennai Super Kings,Chennai Super Kings,field,normal,0,Delhi Daredevils,34,0,34
2018,Royal Challengers Bangalore,Sunrisers Hyderabad,Sunrisers Hyderabad,field,normal,0,Royal Challengers Bangalore,14,0,14
2018,Mumbai Indians,Kings XI Punjab,Kings XI Punjab,field,normal,0,Mumbai Indians,3,0,3
2018,Rajasthan Royals,Kolkata Knight Riders,Kolkata Knight Riders,field,normal,0,Kolkata Knight Riders,0,6,6
2018,Kings XI Punjab,Royal Challengers Bangalore,Royal Challengers Bangalore,field,normal,0,Royal Challengers Bangalore,0,10,10
2018,Mumbai Indians,Rajasthan Royals,Rajasthan Royals,field,normal,0,Rajasthan Royals,0,7,7
2018,Kolkata Knight Riders,Kings XI Punjab,Kings XI Punjab,field,normal,0,Kolkata Knight Riders,31,0,31
2018,Delhi Daredevils,Royal Challengers Bangalore,Royal Challengers Bangalore,field,normal,0,Royal Challengers Bangalore,0,5,5
2018,Chennai Super Kings,Rajasthan Royals,Chennai Super Kings,bat,normal,0,Rajasthan Royals,0,4,4
2018,Delhi Daredevils,Sunrisers Hyderabad,Delhi Daredevils,bat,normal,0,Sunrisers Hyderabad,0,9,9
2018,Rajasthan Royals,Kings XI Punjab,Rajasthan Royals,bat,normal,0,Rajasthan Royals,15,0,15
2018,Sunrisers Hyderabad,Royal Challengers Bangalore,Royal Challengers Bangalore,field,normal,0,Sunrisers Hyderabad,5,0,5
2018,Rajasthan Royals,Kings XI Punjab,Kings XI Punjab,field,normal,0,Kings XI Punjab,0,6,6
2018,Mumbai Indians,Kolkata Knight Riders,Kolkata Knight Riders,field,normal,0,Mumbai Indians,13,0,13
2018,Royal Challengers Bangalore,Chennai Super Kings,Chennai Super Kings,field,normal,0,Chennai Super Kings,0,6,6
2018,Delhi Daredevils,Sunrisers Hyderabad,Delhi Daredevils,bat,normal,0,Sunrisers Hyderabad,0,7,7
2018,Kings XI Punjab,Mumbai Indians,Mumbai Indians,field,normal,0,Mumbai Indians,0,6,6
2018,Chennai Super Kings,Kolkata Knight Riders,Kolkata Knight Riders,field,normal,0,Kolkata Knight Riders,0,6,6
2018,Royal Challengers Bangalore,Mumbai Indians,Mumbai Indians,field,normal,0,Royal Challengers Bangalore,14,0,14
2018,Chennai Super Kings,Delhi Daredevils,Delhi Daredevils,field,normal,0,Chennai Super Kings,13,0,13
2018,Royal Challengers Bangalore,Kolkata Knight Riders,Kolkata Knight Riders,field,normal,0,Kolkata Knight Riders,0,6,6
2018,Sunrisers Hyderabad,Rajasthan Royals,Sunrisers Hyderabad,bat,normal,0,Sunrisers Hyderabad,11,0,11
2018,Chennai Super Kings,Mumbai Indians,Mumbai Indians,field,normal,0,Mumbai Indians,0,8,8
2018,Sunrisers Hyderabad,Kings XI Punjab,Kings XI Punjab,field,normal,0,Sunrisers Hyderabad,13,0,13
2018,Royal Challengers Bangalore,Chennai Super Kings,Chennai Super Kings,field,normal,0,Chennai Super Kings,0,5,5
2018,Sunrisers Hyderabad,Mumbai Indians,Mumbai Indians,field,normal,0,Sunrisers Hyderabad,31,0,31
2018,Kings XI Punjab,Delhi Daredevils,Delhi Daredevils,field,normal,0,Kings XI Punjab,4,0,4
2018,Chennai Super Kings,Sunrisers Hyderabad,Sunrisers Hyderabad,field,normal,0,Chennai Super Kings,4,0,4
2018,Mumbai Indians,Rajasthan Royals,Mumbai Indians,bat,normal,0,Rajasthan Royals,0,3,3
2018,Delhi Daredevils,Royal Challengers Bangalore,Royal Challengers Bangalore,field,normal,0,Royal Challengers Bangalore,0,6,6
2018,Kings XI Punjab,Sunrisers Hyderabad,Kings XI Punjab,bat,normal,0,Kings XI Punjab,15,0,15
2018,Rajasthan Royals,Kolkata Knight Riders,Kolkata Knight Riders,field,normal,0,Kolkata Knight Riders,0,7,7
2018,Mumbai Indians,Royal Challengers Bangalore,Royal Challengers Bangalore,field,normal,0,Mumbai Indians,46,0,46
2018,Kings XI Punjab,Chennai Super Kings,Chennai Super Kings,field,normal,0,Kings XI Punjab,4,0,4
2018,Rajasthan Royals,Royal Challengers Bangalore,Royal Challengers Bangalore,field,normal,0,Rajasthan Royals,19,0,19
2018,Mumbai Indians,Delhi Daredevils,Delhi Daredevils,field,normal,0,Delhi Daredevils,0,7,7
2018,Kolkata Knight Riders,Sunrisers Hyderabad,Sunrisers Hyderabad,field,normal,0,Sunrisers Hyderabad,0,5,5
2018,Kings XI Punjab,Royal Challengers Bangalore,Royal Challengers Bangalore,field,normal,0,Royal Challengers Bangalore,0,4,4
2018,Mumbai Indians,Sunrisers Hyderabad,Sunrisers Hyderabad,field,normal,0,Sunrisers Hyderabad,0,1,1
2018,Kolkata Knight Riders,Chennai Super Kings,Chennai Super Kings,field,normal,0,Chennai Super Kings,0,5,5
2018,Rajasthan Royals,Sunrisers Hyderabad,Sunrisers Hyderabad,field,normal,0,Sunrisers Hyderabad,0,9,9
2018,Delhi Daredevils,Kings XI Punjab,Kings XI Punjab,field,normal,0,Kings XI Punjab,0,6,6
2018,Royal Challengers Bangalore,Kolkata Knight Riders,Kolkata Knight Riders,field,normal,0,Kolkata Knight Riders,0,4,4
2018,Mumbai Indians,Chennai Super Kings,Chennai Super Kings,field,normal,0,Chennai Super Kings,0,1,1
2017,Mumbai Indians,Rising Pune Supergiant,Mumbai Indians,bat,normal,0,Mumbai Indians,1,0,1
2017,Mumbai Indians,Kolkata Knight Riders,Mumbai Indians,field,normal,0,Mumbai Indians,0,6,6
2017,Mumbai Indians,Rising Pune Supergiant,Mumbai Indians,field,normal,0,Rising Pune Supergiant,20,0,20
2017,Delhi Daredevils,Royal Challengers Bangalore,Royal Challengers Bangalore,bat,normal,0,Royal Challengers Bangalore,10,0,10
2017,Rising Pune Supergiant,Kings XI Punjab,Rising Pune Supergiant,field,normal,0,Rising Pune Supergiant,0,9,9
2017,Gujarat Lions,Sunrisers Hyderabad,Sunrisers Hyderabad,field,normal,0,Sunrisers Hyderabad,0,8,8
2017,Kolkata Knight Riders,Mumbai Indians,Kolkata Knight Riders,field,normal,0,Mumbai Indians,9,0,9
2017,Delhi Daredevils,Rising Pune Supergiant,Delhi Daredevils,bat,normal,0,Delhi Daredevils,7,0,7
2017,Mumbai Indians,Kings XI Punjab,Mumbai Indians,field,normal,0,Kings XI Punjab,7,0,7
2017,Gujarat Lions,Delhi Daredevils,Delhi Daredevils,field,normal,0,Delhi Daredevils,0,2,2
2017,Kings XI Punjab,Kolkata Knight Riders,Kolkata Knight Riders,field,normal,0,Kings XI Punjab,14,0,14
2017,Sunrisers Hyderabad,Mumbai Indians,Mumbai Indians,bat,normal,0,Sunrisers Hyderabad,0,7,7
2017,Royal Challengers Bangalore,Kolkata Knight Riders,Kolkata Knight Riders,field,normal,0,Kolkata Knight Riders,0,6,6
2017,Kings XI Punjab,Gujarat Lions,Gujarat Lions,field,normal,0,Gujarat Lions,0,6,6
2017,Sunrisers Hyderabad,Rising Pune Supergiant,Sunrisers Hyderabad,field,normal,0,Rising Pune Supergiant,12,0,12
2017,Royal Challengers Bangalore,Kings XI Punjab,Royal Challengers Bangalore,field,normal,0,Kings XI Punjab,19,0,19
2017,Delhi Daredevils,Gujarat Lions,Delhi Daredevils,field,normal,0,Delhi Daredevils,0,7,7
2017,Kolkata Knight Riders,Rising Pune Supergiant,Rising Pune Supergiant,field,normal,0,Rising Pune Supergiant,0,4,4
2017,Delhi Daredevils,Sunrisers Hyderabad,Delhi Daredevils,field,normal,0,Delhi Daredevils,0,6,6
2017,Mumbai Indians,Royal Challengers Bangalore,Royal Challengers Bangalore,bat,normal,0,Mumbai Indians,0,5,5
2017,Rising Pune Supergiant,Gujarat Lions,Rising Pune Supergiant,field,normal,0,Rising Pune Supergiant,0,5,5
2017,Kings XI Punjab,Delhi Daredevils,Kings XI Punjab,field,normal,0,Kings XI Punjab,0,10,10
2017,Gujarat Lions,Mumbai Indians,Gujarat Lions,bat,normal,0,Mumbai Indians,0,0,0
2017,Kolkata Knight Riders,Delhi Daredevils,Kolkata Knight Riders,field,normal,0,Kolkata Knight Riders,0,7,7
2017,Kings XI Punjab,Sunrisers Hyderabad,Kings XI Punjab,field,normal,0,Sunrisers Hyderabad,26,0,26
2017,Royal Challengers Bangalore,Gujarat Lions,Gujarat Lions,field,normal,0,Gujarat Lions,0,7,7
2017,Rising Pune Supergiant,Kolkata Knight Riders,Kolkata Knight Riders,field,normal,0,Kolkata Knight Riders,0,7,7
2017,Mumbai Indians,Rising Pune Supergiant,Mumbai Indians,field,normal,0,Rising Pune Supergiant,3,0,3
2017,Gujarat Lions,Kings XI Punjab,Gujarat Lions,field,normal,0,Kings XI Punjab,26,0,26
2017,Rising Pune Supergiant,Sunrisers Hyderabad,Rising Pune Supergiant,field,normal,0,Rising Pune Supergiant,0,6,6
2017,Mumbai Indians,Delhi Daredevils,Delhi Daredevils,field,normal,0,Mumbai Indians,14,0,14
2017,Kolkata Knight Riders,Gujarat Lions,Gujarat Lions,field,normal,0,Gujarat Lions,0,4,4
2017,Kings XI Punjab,Mumbai Indians,Mumbai Indians,field,normal,0,Mumbai Indians,0,8,8
2017,Sunrisers Hyderabad,Delhi Daredevils,Sunrisers Hyderabad,bat,normal,0,Sunrisers Hyderabad,15,0,15
2017,Gujarat Lions,Royal Challengers Bangalore,Gujarat Lions,field,normal,0,Royal Challengers Bangalore,21,0,21
2017,Delhi Daredevils,Kolkata Knight Riders,Delhi Daredevils,bat,normal,0,Kolkata Knight Riders,0,4,4
2017,Sunrisers Hyderabad,Kings XI Punjab,Kings XI Punjab,field,normal,0,Sunrisers Hyderabad,5,0,5
2017,Mumbai Indians,Gujarat Lions,Mumbai Indians,field,normal,0,Mumbai Indians,0,6,6
2017,Royal Challengers Bangalore,Rising Pune Supergiant,Royal Challengers Bangalore,field,normal,0,Rising Pune Supergiant,27,0,27
2017,Kolkata Knight Riders,Sunrisers Hyderabad,Sunrisers Hyderabad,field,normal,0,Kolkata Knight Riders,17,0,17
2017,Gujarat Lions,Rising Pune Supergiant,Gujarat Lions,field,normal,0,Gujarat Lions,0,7,7
2017,Royal Challengers Bangalore,Mumbai Indians,Mumbai Indians,field,normal,0,Mumbai Indians,0,4,4
2017,Kolkata Knight Riders,Kings XI Punjab,Kolkata Knight Riders,field,normal,0,Kolkata Knight Riders,0,8,8
2017,Mumbai Indians,Sunrisers Hyderabad,Mumbai Indians,field,normal,0,Mumbai Indians,0,4,4
2017,Kings XI Punjab,Royal Challengers Bangalore,Royal Challengers Bangalore,bat,normal,0,Kings XI Punjab,0,8,8
2017,Mumbai Indians,Kolkata Knight Riders,Mumbai Indians,field,normal,0,Mumbai Indians,0,4,4
2017,Sunrisers Hyderabad,Gujarat Lions,Sunrisers Hyderabad,field,normal,0,Sunrisers Hyderabad,0,9,9
2017,Royal Challengers Bangalore,Delhi Daredevils,Royal Challengers Bangalore,bat,normal,0,Royal Challengers Bangalore,15,0,15
2017,Kings XI Punjab,Rising Pune Supergiant,Kings XI Punjab,field,normal,0,Kings XI Punjab,0,6,6
2017,Gujarat Lions,Kolkata Knight Riders,Kolkata Knight Riders,field,normal,0,Kolkata Knight Riders,0,10,10
2017,Rising Pune Supergiant,Mumbai Indians,Rising Pune Supergiant,field,normal,0,Rising Pune Supergiant,0,7,7
2017,Sunrisers Hyderabad,Royal Challengers Bangalore,Royal Challengers Bangalore,field,normal,0,Sunrisers Hyderabad,35,0,35
2016,Royal Challengers Bangalore,Sunrisers Hyderabad,Sunrisers Hyderabad,bat,normal,0,Sunrisers Hyderabad,8,0,8
2016,Gujarat Lions,Sunrisers Hyderabad,Sunrisers Hyderabad,field,normal,0,Sunrisers Hyderabad,0,4,4
2016,Sunrisers Hyderabad,Kolkata Knight Riders,Kolkata Knight Riders,field,normal,0,Sunrisers Hyderabad,22,0,22
2016,Gujarat Lions,Royal Challengers Bangalore,Royal Challengers Bangalore,field,normal,0,Royal Challengers Bangalore,0,4,4
2016,Kolkata Knight Riders,Sunrisers Hyderabad,Sunrisers Hyderabad,field,normal,0,Kolkata Knight Riders,22,0,22
2016,Delhi Daredevils,Royal Challengers Bangalore,Royal Challengers Bangalore,field,normal,0,Royal Challengers Bangalore,0,6,6
2016,Gujarat Lions,Mumbai Indians,Gujarat Lions,field,normal,0,Gujarat Lions,0,6,6
2016,Rising Pune Supergiants,Kings XI Punjab,Kings XI Punjab,bat,normal,0,Rising Pune Supergiants,0,4,4
2016,Delhi Daredevils,Sunrisers Hyderabad,Delhi Daredevils,field,normal,0,Delhi Daredevils,0,6,6
2016,Gujarat Lions,Kolkata Knight Riders,Gujarat Lions,field,normal,0,Gujarat Lions,0,6,6
2016,Kolkata Knight Riders,Royal Challengers Bangalore,Royal Challengers Bangalore,field,normal,0,Royal Challengers Bangalore,0,9,9
2016,Kings XI Punjab,Sunrisers Hyderabad,Kings XI Punjab,bat,normal,0,Sunrisers Hyderabad,0,7,7
2016,Mumbai Indians,Kings XI Punjab,Mumbai Indians,bat,normal,0,Kings XI Punjab,0,7,7
2016,Sunrisers Hyderabad,Delhi Daredevils,Delhi Daredevils,field,normal,0,Delhi Daredevils,0,7,7
2016,Royal Challengers Bangalore,Mumbai Indians,Mumbai Indians,field,normal,0,Mumbai Indians,0,6,6
2016,Rising Pune Supergiants,Sunrisers Hyderabad,Sunrisers Hyderabad,bat,normal,0,Sunrisers Hyderabad,4,0,4
2016,Kings XI Punjab,Royal Challengers Bangalore,Kings XI Punjab,field,normal,0,Royal Challengers Bangalore,1,0,1
2016,Kolkata Knight Riders,Gujarat Lions,Gujarat Lions,field,normal,0,Gujarat Lions,0,5,5
2016,Kings XI Punjab,Delhi Daredevils,Delhi Daredevils,field,normal,0,Kings XI Punjab,9,0,9
2016,Royal Challengers Bangalore,Rising Pune Supergiants,Royal Challengers Bangalore,field,normal,0,Royal Challengers Bangalore,0,7,7
2016,Sunrisers Hyderabad,Gujarat Lions,Sunrisers Hyderabad,field,normal,0,Sunrisers Hyderabad,0,5,5
2016,Delhi Daredevils,Rising Pune Supergiants,Rising Pune Supergiants,field,normal,0,Rising Pune Supergiants,0,7,7
2016,Kolkata Knight Riders,Kings XI Punjab,Kings XI Punjab,field,normal,0,Kolkata Knight Riders,7,0,7
2016,Gujarat Lions,Delhi Daredevils,Delhi Daredevils,field,normal,0,Delhi Daredevils,0,8,8
2016,Royal Challengers Bangalore,Kolkata Knight Riders,Kolkata Knight Riders,field,normal,0,Kolkata Knight Riders,0,5,5
2016,Gujarat Lions,Kings XI Punjab,Gujarat Lions,field,normal,0,Kings XI Punjab,23,0,23
2016,Rising Pune Supergiants,Mumbai Indians,Mumbai Indians,field,normal,0,Mumbai Indians,0,8,8
2016,Sunrisers Hyderabad,Royal Challengers Bangalore,Royal Challengers Bangalore,field,normal,0,Sunrisers Hyderabad,15,0,15
2016,Delhi Daredevils,Kolkata Knight Riders,Kolkata Knight Riders,field,normal,0,Delhi Daredevils,27,0,27
2016,Rising Pune Supergiants,Gujarat Lions,Gujarat Lions,field,normal,0,Gujarat Lions,0,3,3
2016,Mumbai Indians,Kolkata Knight Riders,Mumbai Indians,field,normal,0,Mumbai Indians,0,6,6
2016,Delhi Daredevils,Gujarat Lions,Delhi Daredevils,field,normal,0,Gujarat Lions,1,0,1
2016,Kings XI Punjab,Mumbai Indians,Kings XI Punjab,field,normal,0,Mumbai Indians,25,0,25
2016,Gujarat Lions,Royal Challengers Bangalore,Royal Challengers Bangalore,bat,normal,0,Gujarat Lions,0,6,6
2016,Rising Pune Supergiants,Kolkata Knight Riders,Kolkata Knight Riders,field,normal,0,Kolkata Knight Riders,0,2,2
2016,Sunrisers Hyderabad,Kings XI Punjab,Sunrisers Hyderabad,field,normal,0,Sunrisers Hyderabad,0,5,5
2016,Delhi Daredevils,Mumbai Indians,Mumbai Indians,field,normal,0,Delhi Daredevils,10,0,10
2016,Rising Pune Supergiants,Royal Challengers Bangalore,Rising Pune Supergiants,field,normal,0,Royal Challengers Bangalore,13,0,13
2016,Gujarat Lions,Sunrisers Hyderabad,Sunrisers Hyderabad,field,normal,0,Sunrisers Hyderabad,0,10,10
2016,Mumbai Indians,Royal Challengers Bangalore,Mumbai Indians,field,normal,0,Mumbai Indians,0,6,6
2016,Kings XI Punjab,Kolkata Knight Riders,Kolkata Knight Riders,field,normal,0,Kolkata Knight Riders,0,6,6
2016,Sunrisers Hyderabad,Mumbai Indians,Sunrisers Hyderabad,field,normal,0,Sunrisers Hyderabad,0,7,7
2016,Kings XI Punjab,Rising Pune Supergiants,Rising Pune Supergiants,bat,normal,0,Kings XI Punjab,0,6,6
2016,Royal Challengers Bangalore,Delhi Daredevils,Delhi Daredevils,field,normal,0,Delhi Daredevils,0,7,7
2016,Sunrisers Hyderabad,Kolkata Knight Riders,Sunrisers Hyderabad,bat,normal,0,Kolkata Knight Riders,0,8,8
2016,Mumbai Indians,Gujarat Lions,Gujarat Lions,field,normal,0,Gujarat Lions,0,3,3
2016,Delhi Daredevils,Kings XI Punjab,Delhi Daredevils,field,normal,0,Delhi Daredevils,0,8,8
2016,Gujarat Lions,Rising Pune Supergiants,Rising Pune Supergiants,bat,normal,0,Gujarat Lions,0,7,7
2016,Kolkata Knight Riders,Mumbai Indians,Mumbai Indians,field,normal,0,Mumbai Indians,0,6,6
2016,Royal Challengers Bangalore,Sunrisers Hyderabad,Sunrisers Hyderabad,field,normal,0,Royal Challengers Bangalore,45,0,45
2016,Kings XI Punjab,Gujarat Lions,Gujarat Lions,field,normal,0,Gujarat Lions,0,5,5
2016,Kolkata Knight Riders,Delhi Daredevils,Kolkata Knight Riders,field,normal,0,Kolkata Knight Riders,0,9,9
2016,Mumbai Indians,Rising Pune Supergiants,Mumbai Indians,bat,normal,0,Rising Pune Supergiants,0,9,9
2015,Mumbai Indians,Chennai Super Kings,Chennai Super Kings,field,normal,0,Mumbai Indians,41,0,41
2015,Chennai Super Kings,Royal Challengers Bangalore,Chennai Super Kings,field,normal,0,Chennai Super Kings,0,3,3
2015,Chennai Super Kings,Mumbai Indians,Mumbai Indians,bat,normal,0,Mumbai Indians,25,0,25
2015,Sunrisers Hyderabad,Mumbai Indians,Sunrisers Hyderabad,bat,normal,0,Mumbai Indians,0,9,9
2015,Royal Challengers Bangalore,Delhi Daredevils,Royal Challengers Bangalore,field,normal,0,Mumbai Indians,0,0,0
2015,Rajasthan Royals,Kolkata Knight Riders,Rajasthan Royals,bat,normal,0,Rajasthan Royals,9,0,9
2015,Kings XI Punjab,Chennai Super Kings,Kings XI Punjab,bat,normal,0,Chennai Super Kings,0,7,7
2015,Mumbai Indians,Kolkata Knight Riders,Kolkata Knight Riders,field,normal,0,Mumbai Indians,5,0,5
2015,Kings XI Punjab,Royal Challengers Bangalore,Royal Challengers Bangalore,field,normal,0,Kings XI Punjab,22,0,22
2015,Delhi Daredevils,Chennai Super Kings,Chennai Super Kings,bat,normal,0,Delhi Daredevils,0,6,6
2015,Sunrisers Hyderabad,Kings XI Punjab,Sunrisers Hyderabad,bat,normal,0,Sunrisers Hyderabad,5,0,5
2015,Mumbai Indians,Royal Challengers Bangalore,Royal Challengers Bangalore,bat,normal,0,Royal Challengers Bangalore,39,0,39
2015,Chennai Super Kings,Rajasthan Royals,Chennai Super Kings,bat,normal,0,Chennai Super Kings,12,0,12
2015,Kolkata Knight Riders,Kings XI Punjab,Kings XI Punjab,bat,normal,0,Kolkata Knight Riders,0,1,1
2015,Delhi Daredevils,Sunrisers Hyderabad,Sunrisers Hyderabad,bat,normal,0,Sunrisers Hyderabad,6,0,6
2015,Chennai Super Kings,Mumbai Indians,Chennai Super Kings,bat,normal,0,Mumbai Indians,0,6,6
2015,Kolkata Knight Riders,Delhi Daredevils,Kolkata Knight Riders,bat,normal,0,Kolkata Knight Riders,13,0,13
2015,Rajasthan Royals,Sunrisers Hyderabad,Rajasthan Royals,field,normal,0,Sunrisers Hyderabad,7,0,7
2015,Mumbai Indians,Delhi Daredevils,Delhi Daredevils,bat,normal,0,Mumbai Indians,0,5,5
2015,Chennai Super Kings,Royal Challengers Bangalore,Chennai Super Kings,bat,normal,0,Chennai Super Kings,24,0,24
2015,Kolkata Knight Riders,Sunrisers Hyderabad,Sunrisers Hyderabad,field,normal,0,Kolkata Knight Riders,35,0,35
2015,Rajasthan Royals,Delhi Daredevils,Delhi Daredevils,field,normal,0,Rajasthan Royals,14,0,14
2015,Kings XI Punjab,Mumbai Indians,Mumbai Indians,bat,normal,0,Mumbai Indians,23,0,23
2015,Royal Challengers Bangalore,Kolkata Knight Riders,Royal Challengers Bangalore,field,normal,0,Royal Challengers Bangalore,0,7,7
2015,Sunrisers Hyderabad,Chennai Super Kings,Chennai Super Kings,field,normal,0,Sunrisers Hyderabad,22,0,22
2015,Delhi Daredevils,Kings XI Punjab,Delhi Daredevils,field,normal,0,Delhi Daredevils,0,9,9
2015,Mumbai Indians,Rajasthan Royals,Rajasthan Royals,field,normal,0,Mumbai Indians,8,0,8
2015,Kolkata Knight Riders,Chennai Super Kings,Kolkata Knight Riders,field,normal,0,Kolkata Knight Riders,0,7,7
2015,Royal Challengers Bangalore,Rajasthan Royals,Rajasthan Royals,field,normal,0,Mumbai Indians,0,0,0
2015,Chennai Super Kings,Kolkata Knight Riders,Kolkata Knight Riders,field,normal,0,Chennai Super Kings,2,0,2
2015,Kings XI Punjab,Sunrisers Hyderabad,Kings XI Punjab,field,normal,0,Sunrisers Hyderabad,20,0,20
2015,Delhi Daredevils,Royal Challengers Bangalore,Royal Challengers Bangalore,field,normal,0,Royal Challengers Bangalore,0,10,10
2015,Mumbai Indians,Sunrisers Hyderabad,Mumbai Indians,bat,normal,0,Mumbai Indians,20,0,20
2015,Rajasthan Royals,Royal Challengers Bangalore,Royal Challengers Bangalore,field,normal,0,Royal Challengers Bangalore,0,9,9
2015,Delhi Daredevils,Mumbai Indians,Mumbai Indians,field,normal,0,Delhi Daredevils,37,0,37
2015,Royal Challengers Bangalore,Chennai Super Kings,Royal Challengers Bangalore,field,normal,0,Chennai Super Kings,27,0,27
2015,Rajasthan Royals,Kings XI Punjab,Kings XI Punjab,field,normal,0,Mumbai Indians,0,0,0
2015,Delhi Daredevils,Kolkata Knight Riders,Kolkata Knight Riders,field,normal,0,Kolkata Knight Riders,0,6,6
2015,Royal Challengers Bangalore,Mumbai Indians,Royal Challengers Bangalore,field,normal,0,Mumbai Indians,18,0,18
2015,Rajasthan Royals,Chennai Super Kings,Chennai Super Kings,bat,normal,0,Rajasthan Royals,0,8,8
2015,Kings XI Punjab,Kolkata Knight Riders,Kolkata Knight Riders,field,normal,0,Kolkata Knight Riders,0,4,4
2015,Sunrisers Hyderabad,Delhi Daredevils,Delhi Daredevils,bat,normal,0,Delhi Daredevils,4,0,4
2015,Mumbai Indians,Chennai Super Kings,Mumbai Indians,bat,normal,0,Chennai Super Kings,0,6,6
2015,Sunrisers Hyderabad,Rajasthan Royals,Rajasthan Royals,field,normal,0,Rajasthan Royals,0,6,6
2015,Kings XI Punjab,Delhi Daredevils,Kings XI Punjab,bat,normal,0,Delhi Daredevils,0,5,5
2015,Rajasthan Royals,Mumbai Indians,Mumbai Indians,bat,normal,0,Rajasthan Royals,0,7,7
2015,Royal Challengers Bangalore,Sunrisers Hyderabad,Sunrisers Hyderabad,field,normal,0,Sunrisers Hyderabad,0,8,8
2015,Delhi Daredevils,Rajasthan Royals,Rajasthan Royals,field,normal,0,Rajasthan Royals,0,3,3
2015,Mumbai Indians,Kings XI Punjab,Mumbai Indians,field,normal,0,Kings XI Punjab,18,0,18
2015,Kolkata Knight Riders,Royal Challengers Bangalore,Royal Challengers Bangalore,field,normal,0,Royal Challengers Bangalore,0,3,3
2015,Chennai Super Kings,Sunrisers Hyderabad,Chennai Super Kings,bat,normal,0,Chennai Super Kings,45,0,45
2015,Kings XI Punjab,Rajasthan Royals,Kings XI Punjab,field,normal,0,Rajasthan Royals,26,0,26
2015,Chennai Super Kings,Delhi Daredevils,Delhi Daredevils,field,normal,0,Chennai Super Kings,1,0,1
2015,Kolkata Knight Riders,Mumbai Indians,Kolkata Knight Riders,field,normal,0,Kolkata Knight Riders,0,7,7
2014,Kolkata Knight Riders,Kings XI Punjab,Kolkata Knight Riders,field,normal,0,Kolkata Knight Riders,0,3,3
2014,Chennai Super Kings,Kings XI Punjab,Chennai Super Kings,field,normal,0,Kings XI Punjab,24,0,24
2014,Chennai Super Kings,Mumbai Indians,Chennai Super Kings,field,normal,0,Chennai Super Kings,0,7,7
2014,Kings XI Punjab,Kolkata Knight Riders,Kings XI Punjab,field,normal,0,Kolkata Knight Riders,28,0,28
2014,Mumbai Indians,Rajasthan Royals,Mumbai Indians,field,normal,0,Mumbai Indians,0,5,5
2014,Kings XI Punjab,Delhi Daredevils,Kings XI Punjab,field,normal,0,Kings XI Punjab,0,7,7
2014,Royal Challengers Bangalore,Chennai Super Kings,Chennai Super Kings,field,normal,0,Chennai Super Kings,0,8,8
2014,Kolkata Knight Riders,Sunrisers Hyderabad,Kolkata Knight Riders,field,normal,0,Kolkata Knight Riders,0,4,4
2014,Mumbai Indians,Delhi Daredevils,Delhi Daredevils,field,normal,0,Mumbai Indians,15,0,15
2014,Kings XI Punjab,Rajasthan Royals,Rajasthan Royals,field,normal,0,Kings XI Punjab,16,0,16
2014,Chennai Super Kings,Sunrisers Hyderabad,Sunrisers Hyderabad,field,normal,0,Sunrisers Hyderabad,0,6,6
2014,Kolkata Knight Riders,Royal Challengers Bangalore,Royal Challengers Bangalore,field,normal,0,Kolkata Knight Riders,30,0,30
2014,Kings XI Punjab,Mumbai Indians,Mumbai Indians,field,normal,0,Mumbai Indians,0,7,7
2014,Sunrisers Hyderabad,Royal Challengers Bangalore,Royal Challengers Bangalore,bat,normal,0,Sunrisers Hyderabad,0,7,7
2014,Kolkata Knight Riders,Chennai Super Kings,Kolkata Knight Riders,field,normal,0,Kolkata Knight Riders,0,8,8
2014,Rajasthan Royals,Mumbai Indians,Mumbai Indians,bat,normal,0,Mumbai Indians,25,0,25
2014,Delhi Daredevils,Kings XI Punjab,Kings XI Punjab,field,normal,0,Kings XI Punjab,0,4,4
2014,Chennai Super Kings,Royal Challengers Bangalore,Chennai Super Kings,bat,normal,0,Royal Challengers Bangalore,0,5,5
2014,Sunrisers Hyderabad,Kolkata Knight Riders,Sunrisers Hyderabad,bat,normal,0,Kolkata Knight Riders,0,7,7
2014,Sunrisers Hyderabad,Kings XI Punjab,Kings XI Punjab,field,normal,0,Kings XI Punjab,0,6,6
2014,Kolkata Knight Riders,Mumbai Indians,Kolkata Knight Riders,field,normal,0,Kolkata Knight Riders,0,6,6
2014,Chennai Super Kings,Rajasthan Royals,Rajasthan Royals,bat,normal,0,Chennai Super Kings,0,5,5
2014,Royal Challengers Bangalore,Delhi Daredevils,Delhi Daredevils,field,normal,0,Royal Challengers Bangalore,16,0,16
2014,Sunrisers Hyderabad,Mumbai Indians,Sunrisers Hyderabad,bat,normal,0,Mumbai Indians,0,7,7
2014,Kings XI Punjab,Kolkata Knight Riders,Kolkata Knight Riders,field,normal,0,Kolkata Knight Riders,0,9,9
2014,Royal Challengers Bangalore,Rajasthan Royals,Royal Challengers Bangalore,bat,normal,0,Rajasthan Royals,0,5,5
2014,Mumbai Indians,Chennai Super Kings,Chennai Super Kings,field,normal,0,Chennai Super Kings,0,4,4
2014,Royal Challengers Bangalore,Kings XI Punjab,Royal Challengers Bangalore,field,normal,0,Kings XI Punjab,32,0,32
2014,Rajasthan Royals,Sunrisers Hyderabad,Rajasthan Royals,field,normal,0,Sunrisers Hyderabad,32,0,32
2014,Kings XI Punjab,Chennai Super Kings,Chennai Super Kings,field,normal,0,Kings XI Punjab,44,0,44
2014,Delhi Daredevils,Kolkata Knight Riders,Delhi Daredevils,bat,normal,0,Kolkata Knight Riders,0,8,8
2014,Mumbai Indians,Royal Challengers Bangalore,Royal Challengers Bangalore,field,normal,0,Mumbai Indians,19,0,19
2014,Delhi Daredevils,Chennai Super Kings,Chennai Super Kings,field,normal,0,Chennai Super Kings,0,8,8
2014,Rajasthan Royals,Kolkata Knight Riders,Kolkata Knight Riders,field,normal,0,Rajasthan Royals,10,0,10
2014,Royal Challengers Bangalore,Sunrisers Hyderabad,Royal Challengers Bangalore,field,normal,0,Royal Challengers Bangalore,0,4,4
2014,Delhi Daredevils,Rajasthan Royals,Rajasthan Royals,field,normal,0,Rajasthan Royals,0,7,7
2014,Mumbai Indians,Kings XI Punjab,Kings XI Punjab,bat,normal,0,Mumbai Indians,0,5,5
2014,Chennai Super Kings,Kolkata Knight Riders,Chennai Super Kings,bat,normal,0,Chennai Super Kings,34,0,34
2014,Mumbai Indians,Sunrisers Hyderabad,Mumbai Indians,field,normal,0,Sunrisers Hyderabad,15,0,15
2014,Kolkata Knight Riders,Rajasthan Royals,Rajasthan Royals,bat,normal,0,Mumbai Indians,0,0,0
2014,Kings XI Punjab,Royal Challengers Bangalore,Kings XI Punjab,field,normal,0,Kings XI Punjab,0,5,5
2014,Delhi Daredevils,Mumbai Indians,Mumbai Indians,bat,normal,0,Delhi Daredevils,0,6,6
2014,Sunrisers Hyderabad,Chennai Super Kings,Sunrisers Hyderabad,bat,normal,0,Chennai Super Kings,0,5,5
2014,Kolkata Knight Riders,Kings XI Punjab,Kolkata Knight Riders,field,normal,0,Kings XI Punjab,23,0,23
2014,Rajasthan Royals,Royal Challengers Bangalore,Rajasthan Royals,field,normal,0,Rajasthan Royals,0,6,6
2014,Sunrisers Hyderabad,Delhi Daredevils,Sunrisers Hyderabad,bat,normal,0,Sunrisers Hyderabad,4,0,4
2014,Chennai Super Kings,Mumbai Indians,Mumbai Indians,bat,normal,0,Chennai Super Kings,0,7,7
2014,Royal Challengers Bangalore,Kolkata Knight Riders,Royal Challengers Bangalore,field,normal,0,Kolkata Knight Riders,2,0,2
2014,Rajasthan Royals,Chennai Super Kings,Rajasthan Royals,field,normal,0,Chennai Super Kings,7,0,7
2014,Rajasthan Royals,Kings XI Punjab,Kings XI Punjab,field,normal,0,Kings XI Punjab,0,7,7
2014,Kolkata Knight Riders,Delhi Daredevils,Kolkata Knight Riders,bat,normal,0,Delhi Daredevils,0,4,4
2014,Royal Challengers Bangalore,Mumbai Indians,Royal Challengers Bangalore,field,normal,0,Royal Challengers Bangalore,0,7,7
2014,Sunrisers Hyderabad,Rajasthan Royals,Rajasthan Royals,field,normal,0,Rajasthan Royals,0,4,4
2014,Chennai Super Kings,Kings XI Punjab,Chennai Super Kings,bat,normal,0,Kings XI Punjab,0,6,6
2014,Delhi Daredevils,Royal Challengers Bangalore,Royal Challengers Bangalore,field,normal,0,Royal Challengers Bangalore,0,8,8
2014,Mumbai Indians,Kolkata Knight Riders,Kolkata Knight Riders,bat,normal,0,Kolkata Knight Riders,41,0,41
2013,Chennai Super Kings,Mumbai Indians,Mumbai Indians,bat,normal,0,Mumbai Indians,23,0,23
2013,Mumbai Indians,Rajasthan Royals,Rajasthan Royals,bat,normal,0,Mumbai Indians,0,4,4
2013,Rajasthan Royals,Sunrisers Hyderabad,Sunrisers Hyderabad,bat,normal,0,Rajasthan Royals,0,4,4
2013,Sunrisers Hyderabad,Kolkata Knight Riders,Kolkata Knight Riders,bat,normal,0,Sunrisers Hyderabad,0,5,5
2013,Pune Warriors,Delhi Daredevils,Pune Warriors,bat,normal,0,Pune Warriors,38,0,38
2013,Royal Challengers Bangalore,Chennai Super Kings,Chennai Super Kings,field,normal,0,Royal Challengers Bangalore,24,0,24
2013,Sunrisers Hyderabad,Rajasthan Royals,Sunrisers Hyderabad,bat,normal,0,Sunrisers Hyderabad,23,0,23
2013,Kings XI Punjab,Delhi Daredevils,Delhi Daredevils,field,normal,0,Kings XI Punjab,7,0,7
2013,Kolkata Knight Riders,Pune Warriors,Kolkata Knight Riders,field,normal,0,Pune Warriors,7,0,7
2013,Mumbai Indians,Rajasthan Royals,Rajasthan Royals,field,normal,0,Mumbai Indians,14,0,14
2013,Chennai Super Kings,Delhi Daredevils,Chennai Super Kings,bat,normal,0,Chennai Super Kings,33,0,33
2013,Royal Challengers Bangalore,Kings XI Punjab,Kings XI Punjab,field,normal,0,Kings XI Punjab,0,7,7
2013,Mumbai Indians,Sunrisers Hyderabad,Sunrisers Hyderabad,bat,normal,0,Mumbai Indians,0,7,7
2013,Rajasthan Royals,Chennai Super Kings,Rajasthan Royals,field,normal,0,Rajasthan Royals,0,5,5
2013,Kolkata Knight Riders,Royal Challengers Bangalore,Kolkata Knight Riders,field,normal,0,Kolkata Knight Riders,0,5,5
2013,Pune Warriors,Mumbai Indians,Pune Warriors,bat,normal,0,Mumbai Indians,0,5,5
2013,Kings XI Punjab,Sunrisers Hyderabad,Kings XI Punjab,field,normal,0,Sunrisers Hyderabad,30,0,30
2013,Delhi Daredevils,Royal Challengers Bangalore,Delhi Daredevils,field,normal,0,Royal Challengers Bangalore,4,0,4
2013,Pune Warriors,Kolkata Knight Riders,Kolkata Knight Riders,bat,normal,0,Kolkata Knight Riders,46,0,46
2013,Kings XI Punjab,Rajasthan Royals,Rajasthan Royals,field,normal,0,Rajasthan Royals,0,8,8
2013,Rajasthan Royals,Delhi Daredevils,Delhi Daredevils,bat,normal,0,Rajasthan Royals,0,9,9
2013,Kings XI Punjab,Royal Challengers Bangalore,Kings XI Punjab,field,normal,0,Kings XI Punjab,0,6,6
2013,Rajasthan Royals,Pune Warriors,Pune Warriors,bat,normal,0,Rajasthan Royals,0,5,5
2013,Sunrisers Hyderabad,Delhi Daredevils,Delhi Daredevils,bat,normal,0,Sunrisers Hyderabad,0,6,6
2013,Kolkata Knight Riders,Rajasthan Royals,Rajasthan Royals,bat,normal,0,Kolkata Knight Riders,0,8,8
2013,Pune Warriors,Royal Challengers Bangalore,Royal Challengers Bangalore,bat,normal,0,Royal Challengers Bangalore,17,0,17
2013,Chennai Super Kings,Kings XI Punjab,Chennai Super Kings,bat,normal,0,Chennai Super Kings,15,0,15
2013,Sunrisers Hyderabad,Mumbai Indians,Mumbai Indians,bat,normal,0,Sunrisers Hyderabad,0,7,7
2013,Delhi Daredevils,Kolkata Knight Riders,Kolkata Knight Riders,bat,normal,0,Delhi Daredevils,0,7,7
2013,Pune Warriors,Chennai Super Kings,Chennai Super Kings,bat,normal,0,Chennai Super Kings,37,0,37
2013,Rajasthan Royals,Royal Challengers Bangalore,Rajasthan Royals,field,normal,0,Rajasthan Royals,0,4,4
2013,Mumbai Indians,Kings XI Punjab,Mumbai Indians,bat,normal,0,Mumbai Indians,4,0,4
2013,Delhi Daredevils,Pune Warriors,Pune Warriors,field,normal,0,Delhi Daredevils,15,0,15
2013,Chennai Super Kings,Kolkata Knight Riders,Kolkata Knight Riders,field,normal,0,Chennai Super Kings,14,0,14
2013,Rajasthan Royals,Sunrisers Hyderabad,Sunrisers Hyderabad,bat,normal,0,Rajasthan Royals,0,8,8
2013,Kolkata Knight Riders,Kings XI Punjab,Kings XI Punjab,bat,normal,0,Kolkata Knight Riders,0,6,6
2013,Chennai Super Kings,Sunrisers Hyderabad,Sunrisers Hyderabad,bat,normal,0,Chennai Super Kings,0,5,5
2013,Kolkata Knight Riders,Mumbai Indians,Kolkata Knight Riders,bat,normal,0,Mumbai Indians,0,5,5
2013,Delhi Daredevils,Kings XI Punjab,Kings XI Punjab,field,normal,0,Kings XI Punjab,0,5,5
2013,Chennai Super Kings,Rajasthan Royals,Rajasthan Royals,bat,normal,0,Chennai Super Kings,0,5,5
2013,Kings XI Punjab,Pune Warriors,Kings XI Punjab,field,normal,0,Kings XI Punjab,0,7,7
2013,Delhi Daredevils,Mumbai Indians,Mumbai Indians,bat,normal,0,Delhi Daredevils,0,9,9
2013,Kolkata Knight Riders,Chennai Super Kings,Kolkata Knight Riders,bat,normal,0,Chennai Super Kings,0,4,4
2013,Royal Challengers Bangalore,Rajasthan Royals,Royal Challengers Bangalore,field,normal,0,Royal Challengers Bangalore,0,7,7
2013,Sunrisers Hyderabad,Kings XI Punjab,Kings XI Punjab,bat,normal,0,Sunrisers Hyderabad,0,5,5
2013,Pune Warriors,Sunrisers Hyderabad,Pune Warriors,field,normal,0,Sunrisers Hyderabad,11,0,11
2013,Kings XI Punjab,Kolkata Knight Riders,Kolkata Knight Riders,field,normal,0,Kings XI Punjab,4,0,4
2013,Royal Challengers Bangalore,Delhi Daredevils,Royal Challengers Bangalore,field,normal,0,Mumbai Indians,0,0,0
2013,Chennai Super Kings,Pune Warriors,Pune Warriors,bat,normal,0,Pune Warriors,24,0,24
2013,Rajasthan Royals,Kings XI Punjab,Rajasthan Royals,field,normal,0,Rajasthan Royals,0,6,6
2013,Chennai Super Kings,Royal Challengers Bangalore,Chennai Super Kings,field,normal,0,Chennai Super Kings,0,4,4
2013,Mumbai Indians,Pune Warriors,Mumbai Indians,bat,normal,0,Mumbai Indians,41,0,41
2013,Delhi Daredevils,Sunrisers Hyderabad,Delhi Daredevils,bat,normal,0,Sunrisers Hyderabad,0,3,3
2013,Pune Warriors,Rajasthan Royals,Rajasthan Royals,bat,normal,0,Pune Warriors,0,7,7
2013,Royal Challengers Bangalore,Kolkata Knight Riders,Royal Challengers Bangalore,field,normal,0,Royal Challengers Bangalore,0,8,8
2013,Kings XI Punjab,Chennai Super Kings,Chennai Super Kings,field,normal,0,Chennai Super Kings,0,10,10
2013,Royal Challengers Bangalore,Sunrisers Hyderabad,Sunrisers Hyderabad,bat,normal,0,Royal Challengers Bangalore,0,7,7
2013,Mumbai Indians,Delhi Daredevils,Mumbai Indians,bat,normal,0,Mumbai Indians,44,0,44
2013,Rajasthan Royals,Kolkata Knight Riders,Kolkata Knight Riders,field,normal,0,Rajasthan Royals,19,0,19
2013,Pune Warriors,Kings XI Punjab,Pune Warriors,bat,normal,0,Kings XI Punjab,0,8,8
2013,Sunrisers Hyderabad,Royal Challengers Bangalore,Royal Challengers Bangalore,bat,normal,0,Mumbai Indians,0,0,0
2013,Chennai Super Kings,Mumbai Indians,Mumbai Indians,bat,normal,0,Mumbai Indians,9,0,9
2013,Delhi Daredevils,Rajasthan Royals,Rajasthan Royals,bat,normal,0,Rajasthan Royals,5,0,5
2013,Sunrisers Hyderabad,Pune Warriors,Pune Warriors,field,normal,0,Sunrisers Hyderabad,22,0,22
2013,Royal Challengers Bangalore,Mumbai Indians,Mumbai Indians,field,normal,0,Royal Challengers Bangalore,2,0,2
2013,Kolkata Knight Riders,Delhi Daredevils,Kolkata Knight Riders,field,normal,0,Kolkata Knight Riders,0,6,6
2012,Kolkata Knight Riders,Chennai Super Kings,Chennai Super Kings,bat,normal,0,Kolkata Knight Riders,0,5,5
2012,Chennai Super Kings,Mumbai Indians,Mumbai Indians,field,normal,0,Chennai Super Kings,38,0,38
2012,Delhi Daredevils,Kolkata Knight Riders,Kolkata Knight Riders,bat,normal,0,Kolkata Knight Riders,18,0,18
2012,Deccan Chargers,Royal Challengers Bangalore,Royal Challengers Bangalore,field,normal,0,Deccan Chargers,9,0,9
2012,Rajasthan Royals,Mumbai Indians,Rajasthan Royals,bat,normal,0,Mumbai Indians,0,10,10
2012,Pune Warriors,Kolkata Knight Riders,Kolkata Knight Riders,bat,normal,0,Kolkata Knight Riders,34,0,34
2012,Kings XI Punjab,Delhi Daredevils,Delhi Daredevils,field,normal,0,Delhi Daredevils,0,6,6
2012,Deccan Chargers,Rajasthan Royals,Rajasthan Royals,bat,normal,0,Deccan Chargers,0,5,5
2012,Delhi Daredevils,Royal Challengers Bangalore,Delhi Daredevils,field,normal,0,Royal Challengers Bangalore,21,0,21
2012,Kings XI Punjab,Chennai Super Kings,Kings XI Punjab,field,normal,0,Kings XI Punjab,0,6,6
2012,Mumbai Indians,Kolkata Knight Riders,Mumbai Indians,field,normal,0,Kolkata Knight Riders,32,0,32
2012,Delhi Daredevils,Kings XI Punjab,Kings XI Punjab,bat,normal,0,Delhi Daredevils,0,5,5
2012,Royal Challengers Bangalore,Mumbai Indians,Mumbai Indians,field,normal,0,Mumbai Indians,0,5,5
2012,Kolkata Knight Riders,Chennai Super Kings,Chennai Super Kings,field,normal,0,Chennai Super Kings,0,5,5
2012,Rajasthan Royals,Pune Warriors,Rajasthan Royals,bat,normal,0,Rajasthan Royals,45,0,45
2012,Kings XI Punjab,Deccan Chargers,Deccan Chargers,bat,normal,0,Kings XI Punjab,0,4,4
2012,Kolkata Knight Riders,Mumbai Indians,Mumbai Indians,bat,normal,0,Mumbai Indians,27,0,27
2012,Chennai Super Kings,Delhi Daredevils,Chennai Super Kings,field,normal,0,Chennai Super Kings,0,9,9
2012,Pune Warriors,Royal Challengers Bangalore,Pune Warriors,field,normal,0,Royal Challengers Bangalore,35,0,35
2012,Rajasthan Royals,Chennai Super Kings,Chennai Super Kings,field,normal,0,Chennai Super Kings,0,4,4
2012,Deccan Chargers,Delhi Daredevils,Deccan Chargers,bat,normal,0,Delhi Daredevils,0,9,9
2012,Mumbai Indians,Royal Challengers Bangalore,Royal Challengers Bangalore,field,normal,0,Royal Challengers Bangalore,0,9,9
2012,Pune Warriors,Rajasthan Royals,Pune Warriors,bat,normal,0,Rajasthan Royals,0,7,7
2012,Deccan Chargers,Kings XI Punjab,Deccan Chargers,field,normal,0,Kings XI Punjab,25,0,25
2012,Delhi Daredevils,Kolkata Knight Riders,Delhi Daredevils,bat,normal,0,Kolkata Knight Riders,0,6,6
2012,Mumbai Indians,Chennai Super Kings,Mumbai Indians,field,normal,0,Mumbai Indians,0,2,2
2012,Royal Challengers Bangalore,Deccan Chargers,Royal Challengers Bangalore,field,normal,0,Royal Challengers Bangalore,0,5,5
2012,Kolkata Knight Riders,Pune Warriors,Kolkata Knight Riders,bat,normal,0,Kolkata Knight Riders,7,0,7
2012,Kings XI Punjab,Rajasthan Royals,Rajasthan Royals,bat,normal,0,Rajasthan Royals,43,0,43
2012,Chennai Super Kings,Deccan Chargers,Chennai Super Kings,bat,normal,0,Chennai Super Kings,10,0,10
2012,Pune Warriors,Mumbai Indians,Mumbai Indians,bat,normal,0,Mumbai Indians,1,0,1
2012,Royal Challengers Bangalore,Kings XI Punjab,Kings XI Punjab,field,normal,0,Kings XI Punjab,0,4,4
2012,Rajasthan Royals,Delhi Daredevils,Rajasthan Royals,bat,normal,0,Delhi Daredevils,0,6,6
2012,Deccan Chargers,Pune Warriors,Deccan Chargers,bat,normal,0,Deccan Chargers,13,0,13
2012,Chennai Super Kings,Kolkata Knight Riders,Chennai Super Kings,bat,normal,0,Kolkata Knight Riders,0,5,5
2012,Delhi Daredevils,Rajasthan Royals,Delhi Daredevils,bat,normal,0,Delhi Daredevils,1,0,1
2012,Mumbai Indians,Deccan Chargers,Mumbai Indians,field,normal,0,Mumbai Indians,0,5,5
2012,Chennai Super Kings,Kings XI Punjab,Kings XI Punjab,bat,normal,0,Kings XI Punjab,7,0,7
2012,Kolkata Knight Riders,Royal Challengers Bangalore,Kolkata Knight Riders,bat,normal,0,Kolkata Knight Riders,47,0,47
2012,Delhi Daredevils,Mumbai Indians,Mumbai Indians,field,normal,0,Delhi Daredevils,37,0,37
2012,Pune Warriors,Deccan Chargers,Deccan Chargers,bat,normal,0,Deccan Chargers,18,0,18
2012,Kings XI Punjab,Mumbai Indians,Kings XI Punjab,bat,normal,0,Mumbai Indians,0,4,4
2012,Pune Warriors,Delhi Daredevils,Pune Warriors,bat,normal,0,Delhi Daredevils,0,8,8
2012,Rajasthan Royals,Royal Challengers Bangalore,Rajasthan Royals,field,normal,0,Royal Challengers Bangalore,46,0,46
2012,Mumbai Indians,Kings XI Punjab,Mumbai Indians,bat,normal,0,Kings XI Punjab,0,6,6
2012,Deccan Chargers,Kolkata Knight Riders,Kolkata Knight Riders,field,normal,0,Kolkata Knight Riders,0,5,5
2012,Chennai Super Kings,Rajasthan Royals,Rajasthan Royals,bat,normal,0,Chennai Super Kings,0,7,7
2012,Delhi Daredevils,Pune Warriors,Delhi Daredevils,field,normal,0,Pune Warriors,20,0,20
2012,Kings XI Punjab,Royal Challengers Bangalore,Royal Challengers Bangalore,field,normal,0,Royal Challengers Bangalore,0,5,5
2012,Delhi Daredevils,Deccan Chargers,Deccan Chargers,bat,normal,0,Delhi Daredevils,0,5,5
2012,Chennai Super Kings,Pune Warriors,Pune Warriors,field,normal,0,Chennai Super Kings,13,0,13
2012,Kings XI Punjab,Kolkata Knight Riders,Kings XI Punjab,bat,normal,0,Kolkata Knight Riders,0,8,8
2012,Rajasthan Royals,Deccan Chargers,Deccan Chargers,bat,normal,0,Rajasthan Royals,0,5,5
2012,Royal Challengers Bangalore,Pune Warriors,Pune Warriors,bat,normal,0,Royal Challengers Bangalore,0,6,6
2012,Mumbai Indians,Delhi Daredevils,Delhi Daredevils,field,normal,0,Delhi Daredevils,0,7,7
2012,Kolkata Knight Riders,Kings XI Punjab,Kolkata Knight Riders,field,normal,0,Kings XI Punjab,2,0,2
2012,Pune Warriors,Chennai Super Kings,Chennai Super Kings,bat,normal,0,Pune Warriors,0,7,7
2012,Kolkata Knight Riders,Rajasthan Royals,Rajasthan Royals,bat,normal,0,Kolkata Knight Riders,0,5,5
2012,Kings XI Punjab,Pune Warriors,Kings XI Punjab,field,normal,0,Kings XI Punjab,0,7,7
2012,Chennai Super Kings,Royal Challengers Bangalore,Royal Challengers Bangalore,bat,normal,0,Chennai Super Kings,0,5,5
2012,Mumbai Indians,Rajasthan Royals,Rajasthan Royals,field,normal,0,Mumbai Indians,27,0,27
2012,Delhi Daredevils,Chennai Super Kings,Delhi Daredevils,field,normal,0,Delhi Daredevils,0,8,8
2012,Royal Challengers Bangalore,Kolkata Knight Riders,Royal Challengers Bangalore,field,normal,0,Kolkata Knight Riders,42,0,42
2012,Deccan Chargers,Mumbai Indians,Deccan Chargers,bat,normal,0,Mumbai Indians,0,5,5
2012,Rajasthan Royals,Kolkata Knight Riders,Kolkata Knight Riders,field,normal,0,Rajasthan Royals,22,0,22
2012,Pune Warriors,Kings XI Punjab,Pune Warriors,bat,normal,0,Pune Warriors,22,0,22
2012,Royal Challengers Bangalore,Delhi Daredevils,Delhi Daredevils,field,normal,0,Royal Challengers Bangalore,20,0,20
2012,Rajasthan Royals,Kings XI Punjab,Kings XI Punjab,field,normal,0,Rajasthan Royals,31,0,31
2012,Mumbai Indians,Pune Warriors,Mumbai Indians,field,normal,0,Pune Warriors,28,0,28
2012,Kolkata Knight Riders,Delhi Daredevils,Delhi Daredevils,field,normal,0,Delhi Daredevils,0,8,8
2012,Chennai Super Kings,Mumbai Indians,Mumbai Indians,field,normal,0,Mumbai Indians,0,8,8
2011,Royal Challengers Bangalore,Mumbai Indians,Mumbai Indians,field,normal,0,Royal Challengers Bangalore,43,0,43
2011,Mumbai Indians,Kolkata Knight Riders,Mumbai Indians,field,normal,0,Mumbai Indians,0,4,4
2011,Royal Challengers Bangalore,Chennai Super Kings,Chennai Super Kings,field,normal,0,Chennai Super Kings,0,6,6
2011,Royal Challengers Bangalore,Chennai Super Kings,Royal Challengers Bangalore,field,normal,0,Royal Challengers Bangalore,0,8,8
2011,Kolkata Knight Riders,Mumbai Indians,Mumbai Indians,field,normal,0,Mumbai Indians,0,5,5
2011,Delhi Daredevils,Pune Warriors,Delhi Daredevils,bat,normal,0,Mumbai Indians,0,0,0
2011,Mumbai Indians,Rajasthan Royals,Mumbai Indians,bat,normal,0,Rajasthan Royals,0,10,10
2011,Pune Warriors,Kolkata Knight Riders,Kolkata Knight Riders,field,normal,0,Kolkata Knight Riders,0,7,7
2011,Chennai Super Kings,Kochi Tuskers Kerala,Chennai Super Kings,bat,normal,0,Chennai Super Kings,11,0,11
2011,Pune Warriors,Deccan Chargers,Deccan Chargers,field,normal,0,Deccan Chargers,0,6,6
2011,Kochi Tuskers Kerala,Rajasthan Royals,Kochi Tuskers Kerala,field,normal,0,Kochi Tuskers Kerala,0,8,8
2011,Kings XI Punjab,Delhi Daredevils,Delhi Daredevils,field,normal,0,Kings XI Punjab,29,0,29
2011,Mumbai Indians,Deccan Chargers,Deccan Chargers,bat,normal,0,Deccan Chargers,10,0,10
2011,Kochi Tuskers Kerala,Kings XI Punjab,Kings XI Punjab,field,normal,0,Kings XI Punjab,0,6,6
2011,Chennai Super Kings,Delhi Daredevils,Chennai Super Kings,bat,normal,0,Chennai Super Kings,18,0,18
2011,Rajasthan Royals,Royal Challengers Bangalore,Royal Challengers Bangalore,field,normal,0,Royal Challengers Bangalore,0,9,9
2011,Deccan Chargers,Pune Warriors,Deccan Chargers,bat,normal,0,Pune Warriors,0,6,6
2011,Royal Challengers Bangalore,Kochi Tuskers Kerala,Kochi Tuskers Kerala,bat,normal,0,Royal Challengers Bangalore,0,9,9
2011,Kings XI Punjab,Pune Warriors,Kings XI Punjab,bat,normal,0,Pune Warriors,0,5,5
2011,Mumbai Indians,Delhi Daredevils,Delhi Daredevils,field,normal,0,Mumbai Indians,32,0,32
2011,Kochi Tuskers Kerala,Kolkata Knight Riders,Kolkata Knight Riders,field,normal,0,Kochi Tuskers Kerala,17,0,17
2011,Deccan Chargers,Delhi Daredevils,Delhi Daredevils,field,normal,0,Delhi Daredevils,0,4,4
2011,Pune Warriors,Mumbai Indians,Pune Warriors,field,normal,0,Mumbai Indians,21,0,21
2011,Chennai Super Kings,Rajasthan Royals,Rajasthan Royals,bat,normal,0,Chennai Super Kings,0,8,8
2011,Deccan Chargers,Kolkata Knight Riders,Deccan Chargers,field,normal,0,Kolkata Knight Riders,20,0,20
2011,Mumbai Indians,Kings XI Punjab,Kings XI Punjab,field,normal,0,Mumbai Indians,23,0,23
2011,Delhi Daredevils,Kochi Tuskers Kerala,Kochi Tuskers Kerala,field,normal,0,Kochi Tuskers Kerala,0,7,7
2011,Chennai Super Kings,Deccan Chargers,Chennai Super Kings,bat,normal,0,Chennai Super Kings,19,0,19
2011,Rajasthan Royals,Pune Warriors,Rajasthan Royals,field,normal,0,Rajasthan Royals,0,6,6
2011,Kochi Tuskers Kerala,Delhi Daredevils,Delhi Daredevils,bat,normal,0,Delhi Daredevils,38,0,38
2011,Kolkata Knight Riders,Kings XI Punjab,Kolkata Knight Riders,field,normal,0,Kolkata Knight Riders,0,8,8
2011,Rajasthan Royals,Mumbai Indians,Rajasthan Royals,field,normal,0,Rajasthan Royals,0,7,7
2011,Royal Challengers Bangalore,Pune Warriors,Pune Warriors,field,normal,0,Royal Challengers Bangalore,26,0,26
2011,Delhi Daredevils,Kolkata Knight Riders,Delhi Daredevils,field,normal,0,Kolkata Knight Riders,17,0,17
2011,Pune Warriors,Chennai Super Kings,Pune Warriors,bat,normal,0,Chennai Super Kings,0,8,8
2011,Delhi Daredevils,Royal Challengers Bangalore,Royal Challengers Bangalore,field,normal,0,Royal Challengers Bangalore,0,3,3
2011,Chennai Super Kings,Pune Warriors,Pune Warriors,field,normal,0,Chennai Super Kings,25,0,25
2011,Rajasthan Royals,Kochi Tuskers Kerala,Rajasthan Royals,field,normal,0,Rajasthan Royals,0,8,8
2011,Deccan Chargers,Mumbai Indians,Deccan Chargers,field,normal,0,Mumbai Indians,37,0,37
2011,Delhi Daredevils,Kings XI Punjab,Kings XI Punjab,field,normal,0,Delhi Daredevils,29,0,29
2011,Mumbai Indians,Chennai Super Kings,Chennai Super Kings,field,normal,0,Mumbai Indians,8,0,8
2011,Kolkata Knight Riders,Royal Challengers Bangalore,Royal Challengers Bangalore,field,normal,0,Royal Challengers Bangalore,0,9,9
2011,Mumbai Indians,Pune Warriors,Pune Warriors,bat,normal,0,Mumbai Indians,0,7,7
2011,Kolkata Knight Riders,Kochi Tuskers Kerala,Kolkata Knight Riders,field,normal,0,Kochi Tuskers Kerala,6,0,6
2011,Delhi Daredevils,Deccan Chargers,Deccan Chargers,bat,normal,0,Deccan Chargers,16,0,16
2011,Pune Warriors,Delhi Daredevils,Delhi Daredevils,field,normal,0,Delhi Daredevils,0,3,3
2011,Kolkata Knight Riders,Rajasthan Royals,Kolkata Knight Riders,field,normal,0,Kolkata Knight Riders,0,8,8
2011,Deccan Chargers,Kings XI Punjab,Kings XI Punjab,field,normal,0,Kings XI Punjab,0,8,8
2011,Chennai Super Kings,Royal Challengers Bangalore,Chennai Super Kings,bat,normal,0,Chennai Super Kings,21,0,21
2011,Rajasthan Royals,Kolkata Knight Riders,Kolkata Knight Riders,field,normal,0,Kolkata Knight Riders,0,9,9
2011,Mumbai Indians,Kochi Tuskers Kerala,Kochi Tuskers Kerala,field,normal,0,Kochi Tuskers Kerala,0,8,8
2011,Deccan Chargers,Royal Challengers Bangalore,Royal Challengers Bangalore,field,normal,0,Deccan Chargers,33,0,33
2011,Kings XI Punjab,Chennai Super Kings,Kings XI Punjab,field,normal,0,Kings XI Punjab,0,6,6
2011,Pune Warriors,Kochi Tuskers Kerala,Kochi Tuskers Kerala,bat,normal,0,Pune Warriors,0,4,4
2011,Royal Challengers Bangalore,Mumbai Indians,Mumbai Indians,field,normal,0,Mumbai Indians,0,9,9
2011,Rajasthan Royals,Delhi Daredevils,Delhi Daredevils,bat,normal,0,Rajasthan Royals,0,6,6
2011,Kolkata Knight Riders,Deccan Chargers,Kolkata Knight Riders,bat,normal,0,Kolkata Knight Riders,9,0,9
2011,Delhi Daredevils,Mumbai Indians,Delhi Daredevils,bat,normal,0,Mumbai Indians,0,8,8
2011,Pune Warriors,Kings XI Punjab,Kings XI Punjab,bat,normal,0,Pune Warriors,0,7,7
2011,Kochi Tuskers Kerala,Royal Challengers Bangalore,Kochi Tuskers Kerala,bat,normal,0,Royal Challengers Bangalore,0,6,6
2011,Deccan Chargers,Rajasthan Royals,Rajasthan Royals,field,normal,0,Rajasthan Royals,0,8,8
2011,Chennai Super Kings,Kolkata Knight Riders,Chennai Super Kings,bat,normal,0,Chennai Super Kings,2,0,2
2009/10,Chennai Super Kings,Mumbai Indians,Chennai Super Kings,bat,normal,0,Chennai Super Kings,22,0,22
2009/10,Royal Challengers Bangalore,Deccan Chargers,Deccan Chargers,bat,normal,0,Royal Challengers Bangalore,0,9,9
2009/10,Chennai Super Kings,Deccan Chargers,Chennai Super Kings,bat,normal,0,Chennai Super Kings,38,0,38
2009/10,Royal Challengers Bangalore,Mumbai Indians,Mumbai Indians,bat,normal,0,Mumbai Indians,35,0,35
2009/10,Kolkata Knight Riders,Mumbai Indians,Mumbai Indians,bat,normal,0,Kolkata Knight Riders,0,9,9
2009/10,Kings XI Punjab,Chennai Super Kings,Chennai Super Kings,field,normal,0,Chennai Super Kings,0,6,6
2009/10,Delhi Daredevils,Deccan Chargers,Deccan Chargers,bat,normal,0,Deccan Chargers,11,0,11
2009/10,Kolkata Knight Riders,Rajasthan Royals,Rajasthan Royals,bat,normal,0,Kolkata Knight Riders,0,8,8
2009/10,Kings XI Punjab,Deccan Chargers,Deccan Chargers,field,normal,0,Deccan Chargers,0,5,5
2009/10,Chennai Super Kings,Delhi Daredevils,Chennai Super Kings,bat,normal,0,Delhi Daredevils,0,6,6
2009/10,Rajasthan Royals,Royal Challengers Bangalore,Rajasthan Royals,bat,normal,0,Royal Challengers Bangalore,0,5,5
2009/10,Mumbai Indians,Delhi Daredevils,Mumbai Indians,bat,normal,0,Mumbai Indians,39,0,39
2009/10,Chennai Super Kings,Kolkata Knight Riders,Kolkata Knight Riders,bat,normal,0,Chennai Super Kings,0,9,9
2009/10,Deccan Chargers,Royal Challengers Bangalore,Royal Challengers Bangalore,field,normal,0,Deccan Chargers,13,0,13
2009/10,Rajasthan Royals,Mumbai Indians,Rajasthan Royals,field,normal,0,Mumbai Indians,37,0,37
2009/10,Delhi Daredevils,Kings XI Punjab,Delhi Daredevils,bat,normal,0,Kings XI Punjab,0,7,7
2009/10,Royal Challengers Bangalore,Kolkata Knight Riders,Royal Challengers Bangalore,field,normal,0,Royal Challengers Bangalore,0,7,7
2009/10,Deccan Chargers,Chennai Super Kings,Chennai Super Kings,bat,normal,0,Deccan Chargers,0,6,6
2009/10,Kings XI Punjab,Mumbai Indians,Mumbai Indians,bat,normal,0,Kings XI Punjab,0,6,6
2009/10,Royal Challengers Bangalore,Deccan Chargers,Deccan Chargers,field,normal,0,Deccan Chargers,0,7,7
2009/10,Rajasthan Royals,Kings XI Punjab,Kings XI Punjab,bat,normal,0,Rajasthan Royals,0,9,9
2009/10,Kolkata Knight Riders,Delhi Daredevils,Kolkata Knight Riders,bat,normal,0,Kolkata Knight Riders,14,0,14
2009/10,Chennai Super Kings,Mumbai Indians,Chennai Super Kings,bat,normal,0,Chennai Super Kings,24,0,24
2009/10,Deccan Chargers,Rajasthan Royals,Rajasthan Royals,bat,normal,0,Rajasthan Royals,2,0,2
2009/10,Kolkata Knight Riders,Kings XI Punjab,Kolkata Knight Riders,bat,normal,0,Kings XI Punjab,0,8,8
2009/10,Delhi Daredevils,Royal Challengers Bangalore,Delhi Daredevils,bat,normal,0,Delhi Daredevils,37,0,37
2009/10,Chennai Super Kings,Rajasthan Royals,Chennai Super Kings,bat,normal,0,Chennai Super Kings,23,0,23
2009/10,Kings XI Punjab,Royal Challengers Bangalore,Kings XI Punjab,bat,normal,0,Royal Challengers Bangalore,0,6,6
2009/10,Kolkata Knight Riders,Deccan Chargers,Kolkata Knight Riders,bat,normal,0,Kolkata Knight Riders,24,0,24
2009/10,Chennai Super Kings,Royal Challengers Bangalore,Royal Challengers Bangalore,bat,normal,0,Chennai Super Kings,0,5,5
2009/10,Mumbai Indians,Kings XI Punjab,Mumbai Indians,field,normal,0,Mumbai Indians,0,4,4
2009/10,Delhi Daredevils,Kolkata Knight Riders,Delhi Daredevils,bat,normal,0,Delhi Daredevils,40,0,40
2009/10,Deccan Chargers,Mumbai Indians,Deccan Chargers,field,normal,0,Mumbai Indians,41,0,41
2009/10,Rajasthan Royals,Chennai Super Kings,Rajasthan Royals,bat,normal,0,Rajasthan Royals,17,0,17
2009/10,Kings XI Punjab,Kolkata Knight Riders,Kolkata Knight Riders,bat,normal,0,Kolkata Knight Riders,39,0,39
2009/10,Rajasthan Royals,Deccan Chargers,Deccan Chargers,bat,normal,0,Rajasthan Royals,0,8,8
2009/10,Royal Challengers Bangalore,Delhi Daredevils,Royal Challengers Bangalore,field,normal,0,Delhi Daredevils,17,0,17
2009/10,Chennai Super Kings,Mumbai Indians,Mumbai Indians,field,normal,0,Mumbai Indians,0,5,5
2009/10,Kings XI Punjab,Rajasthan Royals,Kings XI Punjab,field,normal,0,Rajasthan Royals,31,0,31
2009/10,Royal Challengers Bangalore,Chennai Super Kings,Chennai Super Kings,field,normal,0,Royal Challengers Bangalore,36,0,36
2009/10,Mumbai Indians,Kolkata Knight Riders,Kolkata Knight Riders,bat,normal,0,Mumbai Indians,0,7,7
2009/10,Chennai Super Kings,Kings XI Punjab,Chennai Super Kings,field,normal,0,Mumbai Indians,0,0,0
2009/10,Deccan Chargers,Delhi Daredevils,Deccan Chargers,bat,normal,0,Deccan Chargers,10,0,10
2009/10,Mumbai Indians,Royal Challengers Bangalore,Mumbai Indians,bat,normal,0,Royal Challengers Bangalore,0,7,7
2009/10,Rajasthan Royals,Kolkata Knight Riders,Rajasthan Royals,bat,normal,0,Rajasthan Royals,34,0,34
2009/10,Deccan Chargers,Kings XI Punjab,Kings XI Punjab,field,normal,0,Deccan Chargers,6,0,6
2009/10,Delhi Daredevils,Chennai Super Kings,Delhi Daredevils,bat,normal,0,Chennai Super Kings,0,5,5
2009/10,Royal Challengers Bangalore,Rajasthan Royals,Royal Challengers Bangalore,field,normal,0,Royal Challengers Bangalore,0,10,10
2009/10,Royal Challengers Bangalore,Kings XI Punjab,Kings XI Punjab,bat,normal,0,Royal Challengers Bangalore,0,8,8
2009/10,Rajasthan Royals,Delhi Daredevils,Delhi Daredevils,field,normal,0,Delhi Daredevils,0,6,6
2009/10,Chennai Super Kings,Deccan Chargers,Deccan Chargers,bat,normal,0,Deccan Chargers,31,0,31
2009/10,Kolkata Knight Riders,Royal Challengers Bangalore,Kolkata Knight Riders,field,normal,0,Kolkata Knight Riders,0,7,7
2009/10,Kings XI Punjab,Delhi Daredevils,Delhi Daredevils,field,normal,0,Delhi Daredevils,0,5,5
2009/10,Mumbai Indians,Rajasthan Royals,Mumbai Indians,bat,normal,0,Mumbai Indians,4,0,4
2009/10,Deccan Chargers,Kolkata Knight Riders,Deccan Chargers,field,normal,0,Kolkata Knight Riders,11,0,11
2009,Royal Challengers Bangalore,Deccan Chargers,Royal Challengers Bangalore,field,normal,0,Deccan Chargers,6,0,6
2009,Royal Challengers Bangalore,Chennai Super Kings,Royal Challengers Bangalore,field,normal,0,Royal Challengers Bangalore,0,6,6
2009,Delhi Daredevils,Deccan Chargers,Deccan Chargers,field,normal,0,Deccan Chargers,0,6,6
2009,Delhi Daredevils,Mumbai Indians,Delhi Daredevils,field,normal,0,Delhi Daredevils,0,4,4
2009,Royal Challengers Bangalore,Deccan Chargers,Royal Challengers Bangalore,bat,normal,0,Royal Challengers Bangalore,12,0,12
2009,Chennai Super Kings,Kings XI Punjab,Chennai Super Kings,bat,normal,0,Chennai Super Kings,24,0,24
2009,Kolkata Knight Riders,Rajasthan Royals,Kolkata Knight Riders,field,normal,0,Kolkata Knight Riders,0,4,4
2009,Royal Challengers Bangalore,Delhi Daredevils,Delhi Daredevils,bat,normal,0,Royal Challengers Bangalore,0,7,7
2009,Chennai Super Kings,Kolkata Knight Riders,Chennai Super Kings,bat,normal,0,Kolkata Knight Riders,0,7,7
2009,Deccan Chargers,Kings XI Punjab,Deccan Chargers,field,normal,0,Kings XI Punjab,1,0,1
2009,Delhi Daredevils,Rajasthan Royals,Delhi Daredevils,bat,normal,0,Delhi Daredevils,14,0,14
2009,Chennai Super Kings,Mumbai Indians,Mumbai Indians,bat,normal,0,Chennai Super Kings,0,7,7
2009,Deccan Chargers,Kolkata Knight Riders,Deccan Chargers,field,normal,0,Deccan Chargers,0,6,6
2009,Delhi Daredevils,Kings XI Punjab,Kings XI Punjab,field,normal,0,Kings XI Punjab,0,6,6
2009,Royal Challengers Bangalore,Chennai Super Kings,Chennai Super Kings,bat,normal,0,Royal Challengers Bangalore,0,2,2
2009,Mumbai Indians,Rajasthan Royals,Rajasthan Royals,bat,normal,0,Rajasthan Royals,2,0,2
2009,Deccan Chargers,Delhi Daredevils,Deccan Chargers,field,normal,0,Delhi Daredevils,12,0,12
2009,Kings XI Punjab,Mumbai Indians,Kings XI Punjab,bat,normal,0,Mumbai Indians,0,8,8
2009,Royal Challengers Bangalore,Kolkata Knight Riders,Royal Challengers Bangalore,field,normal,0,Royal Challengers Bangalore,0,6,6
2009,Royal Challengers Bangalore,Mumbai Indians,Mumbai Indians,bat,normal,0,Mumbai Indians,16,0,16
2009,Delhi Daredevils,Kolkata Knight Riders,Delhi Daredevils,field,normal,0,Delhi Daredevils,0,7,7
2009,Deccan Chargers,Kings XI Punjab,Kings XI Punjab,field,normal,0,Kings XI Punjab,0,3,3
2009,Chennai Super Kings,Rajasthan Royals,Rajasthan Royals,bat,normal,0,Chennai Super Kings,0,7,7
2009,Delhi Daredevils,Mumbai Indians,Mumbai Indians,bat,normal,0,Delhi Daredevils,0,7,7
2009,Royal Challengers Bangalore,Rajasthan Royals,Rajasthan Royals,field,normal,0,Rajasthan Royals,0,7,7
2009,Deccan Chargers,Mumbai Indians,Deccan Chargers,bat,normal,0,Deccan Chargers,19,0,19
2009,Delhi Daredevils,Kolkata Knight Riders,Kolkata Knight Riders,bat,normal,0,Delhi Daredevils,0,9,9
2009,Royal Challengers Bangalore,Mumbai Indians,Mumbai Indians,bat,normal,0,Royal Challengers Bangalore,0,9,9
2009,Kings XI Punjab,Kolkata Knight Riders,Kolkata Knight Riders,bat,normal,0,Kings XI Punjab,0,6,6
2009,Chennai Super Kings,Delhi Daredevils,Delhi Daredevils,field,normal,0,Chennai Super Kings,18,0,18
2009,Deccan Chargers,Rajasthan Royals,Deccan Chargers,bat,normal,0,Rajasthan Royals,0,3,3
2009,Royal Challengers Bangalore,Kings XI Punjab,Royal Challengers Bangalore,bat,normal,0,Royal Challengers Bangalore,8,0,8
2009,Kolkata Knight Riders,Mumbai Indians,Mumbai Indians,bat,normal,0,Mumbai Indians,9,0,9
2009,Deccan Chargers,Delhi Daredevils,Delhi Daredevils,field,normal,0,Delhi Daredevils,0,6,6
2009,Chennai Super Kings,Rajasthan Royals,Rajasthan Royals,field,normal,0,Chennai Super Kings,38,0,38
2009,Royal Challengers Bangalore,Kolkata Knight Riders,Kolkata Knight Riders,bat,normal,0,Royal Challengers Bangalore,0,5,5
2009,Kings XI Punjab,Mumbai Indians,Kings XI Punjab,bat,normal,0,Kings XI Punjab,3,0,3
2009,Delhi Daredevils,Rajasthan Royals,Delhi Daredevils,bat,normal,0,Rajasthan Royals,0,5,5
2009,Chennai Super Kings,Deccan Chargers,Deccan Chargers,field,normal,0,Deccan Chargers,0,6,6
2009,Royal Challengers Bangalore,Delhi Daredevils,Royal Challengers Bangalore,bat,normal,0,Delhi Daredevils,0,6,6
2009,Kings XI Punjab,Rajasthan Royals,Kings XI Punjab,bat,normal,0,Kings XI Punjab,27,0,27
2009,Deccan Chargers,Mumbai Indians,Deccan Chargers,bat,normal,0,Deccan Chargers,12,0,12
2009,Royal Challengers Bangalore,Kings XI Punjab,Royal Challengers Bangalore,bat,normal,0,Kings XI Punjab,0,7,7
2009,Chennai Super Kings,Delhi Daredevils,Delhi Daredevils,bat,normal,0,Delhi Daredevils,9,0,9
2009,Kolkata Knight Riders,Rajasthan Royals,Kolkata Knight Riders,field,normal,0,Mumbai Indians,0,0,0
2009,Royal Challengers Bangalore,Deccan Chargers,Deccan Chargers,bat,normal,0,Deccan Chargers,24,0,24
2009,Deccan Chargers,Kolkata Knight Riders,Kolkata Knight Riders,bat,normal,0,Deccan Chargers,0,8,8
2009,Chennai Super Kings,Mumbai Indians,Chennai Super Kings,field,normal,0,Mumbai Indians,19,0,19
2007/08,Chennai Super Kings,Rajasthan Royals,Rajasthan Royals,field,normal,0,Rajasthan Royals,0,3,3
2007/08,Chennai Super Kings,Kings XI Punjab,Kings XI Punjab,bat,normal,0,Chennai Super Kings,0,9,9
2007/08,Kings XI Punjab,Rajasthan Royals,Rajasthan Royals,field,normal,0,Kings XI Punjab,41,0,41
2007/08,Royal Challengers Bangalore,Mumbai Indians,Mumbai Indians,field,normal,0,Mumbai Indians,0,9,9
2007/08,Deccan Chargers,Chennai Super Kings,Deccan Chargers,bat,normal,0,Chennai Super Kings,0,7,7
2007/08,Rajasthan Royals,Mumbai Indians,Rajasthan Royals,field,normal,0,Rajasthan Royals,0,5,5
2007/08,Kolkata Knight Riders,Kings XI Punjab,Kings XI Punjab,bat,normal,0,Kolkata Knight Riders,0,3,3
2007/08,Deccan Chargers,Royal Challengers Bangalore,Deccan Chargers,bat,normal,0,Royal Challengers Bangalore,0,5,5
2007/08,Chennai Super Kings,Rajasthan Royals,Rajasthan Royals,bat,normal,0,Rajasthan Royals,10,0,10
2007/08,Delhi Daredevils,Mumbai Indians,Delhi Daredevils,field,normal,0,Delhi Daredevils,0,5,5
2007/08,Kings XI Punjab,Deccan Chargers,Kings XI Punjab,field,normal,0,Kings XI Punjab,0,6,6
2007/08,Mumbai Indians,Kings XI Punjab,Mumbai Indians,field,normal,0,Kings XI Punjab,1,0,1
2007/08,Chennai Super Kings,Royal Challengers Bangalore,Royal Challengers Bangalore,bat,normal,0,Royal Challengers Bangalore,14,0,14
2007/08,Kolkata Knight Riders,Rajasthan Royals,Rajasthan Royals,field,normal,0,Rajasthan Royals,0,6,6
2007/08,Royal Challengers Bangalore,Delhi Daredevils,Delhi Daredevils,field,normal,0,Delhi Daredevils,0,5,5
2007/08,Deccan Chargers,Mumbai Indians,Deccan Chargers,field,normal,0,Mumbai Indians,25,0,25
2007/08,Mumbai Indians,Kolkata Knight Riders,Mumbai Indians,field,normal,0,Mumbai Indians,0,8,8
2007/08,Delhi Daredevils,Deccan Chargers,Deccan Chargers,field,normal,0,Delhi Daredevils,12,0,12
2007/08,Mumbai Indians,Chennai Super Kings,Mumbai Indians,field,normal,0,Mumbai Indians,0,9,9
2007/08,Kolkata Knight Riders,Delhi Daredevils,Kolkata Knight Riders,bat,normal,0,Kolkata Knight Riders,23,0,23
2007/08,Kings XI Punjab,Royal Challengers Bangalore,Royal Challengers Bangalore,bat,normal,0,Kings XI Punjab,0,9,9
2007/08,Deccan Chargers,Kolkata Knight Riders,Kolkata Knight Riders,bat,normal,0,Kolkata Knight Riders,23,0,23
2007/08,Rajasthan Royals,Delhi Daredevils,Rajasthan Royals,field,normal,0,Rajasthan Royals,0,3,3
2007/08,Chennai Super Kings,Kings XI Punjab,Kings XI Punjab,field,normal,0,Chennai Super Kings,18,0,18
2007/08,Rajasthan Royals,Deccan Chargers,Rajasthan Royals,field,normal,0,Rajasthan Royals,0,8,8
2007/08,Kolkata Knight Riders,Royal Challengers Bangalore,Kolkata Knight Riders,bat,normal,0,Kolkata Knight Riders,5,0,5
2007/08,Delhi Daredevils,Chennai Super Kings,Chennai Super Kings,field,normal,0,Chennai Super Kings,0,4,4
2007/08,Mumbai Indians,Rajasthan Royals,Mumbai Indians,field,normal,0,Mumbai Indians,0,7,7
2007/08,Chennai Super Kings,Deccan Chargers,Deccan Chargers,field,normal,0,Deccan Chargers,0,7,7
2007/08,Royal Challengers Bangalore,Kings XI Punjab,Kings XI Punjab,field,normal,0,Kings XI Punjab,0,6,6
2007/08,Mumbai Indians,Delhi Daredevils,Delhi Daredevils,field,normal,0,Mumbai Indians,29,0,29
2007/08,Rajasthan Royals,Chennai Super Kings,Chennai Super Kings,bat,normal,0,Rajasthan Royals,0,8,8
2007/08,Kings XI Punjab,Kolkata Knight Riders,Kings XI Punjab,bat,normal,0,Kings XI Punjab,9,0,9
2007/08,Royal Challengers Bangalore,Deccan Chargers,Deccan Chargers,field,normal,0,Royal Challengers Bangalore,3,0,3
2007/08,Chennai Super Kings,Delhi Daredevils,Chennai Super Kings,bat,normal,0,Delhi Daredevils,0,8,8
2007/08,Deccan Chargers,Kings XI Punjab,Kings XI Punjab,field,normal,0,Kings XI Punjab,0,7,7
2007/08,Rajasthan Royals,Kolkata Knight Riders,Rajasthan Royals,bat,normal,0,Rajasthan Royals,45,0,45
2007/08,Delhi Daredevils,Royal Challengers Bangalore,Royal Challengers Bangalore,field,normal,0,Delhi Daredevils,10,0,10
2007/08,Kolkata Knight Riders,Mumbai Indians,Kolkata Knight Riders,bat,normal,0,Mumbai Indians,0,7,7
2007/08,Royal Challengers Bangalore,Chennai Super Kings,Chennai Super Kings,bat,normal,0,Chennai Super Kings,13,0,13
2007/08,Mumbai Indians,Deccan Chargers,Deccan Chargers,field,normal,0,Deccan Chargers,0,10,10
2007/08,Kings XI Punjab,Delhi Daredevils,Delhi Daredevils,bat,normal,0,Kings XI Punjab,0,4,4
2007/08,Royal Challengers Bangalore,Rajasthan Royals,Rajasthan Royals,field,normal,0,Rajasthan Royals,0,7,7
2007/08,Chennai Super Kings,Kolkata Knight Riders,Kolkata Knight Riders,bat,normal,0,Chennai Super Kings,0,9,9
2007/08,Deccan Chargers,Rajasthan Royals,Rajasthan Royals,field,normal,0,Rajasthan Royals,0,3,3
2007/08,Chennai Super Kings,Mumbai Indians,Mumbai Indians,field,normal,0,Chennai Super Kings,6,0,6
2007/08,Deccan Chargers,Delhi Daredevils,Deccan Chargers,bat,normal,0,Delhi Daredevils,0,9,9
2007/08,Rajasthan Royals,Kings XI Punjab,Kings XI Punjab,bat,normal,0,Rajasthan Royals,0,6,6
2007/08,Kolkata Knight Riders,Deccan Chargers,Deccan Chargers,bat,normal,0,Kolkata Knight Riders,0,5,5
2007/08,Mumbai Indians,Royal Challengers Bangalore,Mumbai Indians,bat,normal,0,Royal Challengers Bangalore,0,5,5
2007/08,Delhi Daredevils,Rajasthan Royals,Rajasthan Royals,bat,normal,0,Delhi Daredevils,0,9,9
2007/08,Kings XI Punjab,Chennai Super Kings,Chennai Super Kings,bat,normal,0,Chennai Super Kings,33,0,33
